종목명,종목코드,현재가,전일대비,등락률(%),거래량,거래대금,외국인보유율(%),시가총액
삼성전자,005930,253000,4500,1.81,11263348,2833332000000,46.56,1479108487000000
SK하이닉스,000660,1748000,58000,3.43,2742465,4744970000000,50.2,1276900654000000
삼성전자우,005935,193900,6800,3.63,3522633,680973000000,75.66,155579776000000
SK스퀘어,402340,1014000,14000,1.4,331782,333501000000,46.53,133770933000000
삼성전기,009150,1369000,52000,3.95,422460,571902000000,37.58,102255669000000
LG에너지솔루션,373220,367000,1500,0.41,297867,109970000000,5.52,85878000000000
현대차,005380,362000,-5000,-1.36,475653,171861000000,24.44,74122311000000
삼성바이오로직스,207940,1401000,-11000,-0.78,33281,46674000000,13.2,64853622000000
KB금융,105560,176500,700,0.4,989914,173976000000,79.06,62602385000000
삼성물산,028260,352000,5000,1.44,233236,81749000000,30.69,57082988000000
삼성생명,032830,283500,-2000,-0.7,257282,73116000000,23.16,56700000000000
한화에어로스페이스,012450,1052000,-11000,-1.03,96952,102201000000,45.52,54244697000000
두산에너빌리티,034020,83900,-2300,-2.67,2084649,175746000000,23.37,53743080000000
신한지주,055550,112000,-200,-0.18,780169,87175000000,61.86,52578426000000
기아,000270,120800,-1000,-0.82,522464,63147000000,39.26,47161890000000
HD현대중공업,329180,442500,-11000,-2.43,149876,66775000000,13.68,46445342000000
삼성SDI,006400,542000,-5000,-0.91,299622,163351000000,25.77,43677357000000
셀트리온,068270,177100,-400,-0.23,255688,45358000000,25.38,41196501000000
SK,034730,550000,0,0,97334,53209000000,30.34,39876486000000
하나금융지주,086790,136800,-800,-0.58,569002,77741000000,68.96,37068683000000
현대모비스,012330,383000,-11500,-2.92,294490,112889000000,38.11,34401284000000
LG전자,066570,199600,-2400,-1.19,378959,75411000000,29.64,32511773000000
NAVER,035420,201500,-4500,-2.18,517586,104347000000,36.07,30647015000000
LS ELECTRIC,010120,198400,3700,1.9,395954,78260000000,18.66,29760000000000
삼성화재,000810,656000,-5000,-0.76,61680,40638000000,57.66,29288742000000
우리금융지주,316140,36200,-150,-0.41,2175611,78441000000,50.2,26671673000000
효성중공업,298040,2788000,99000,3.68,38793,107893000000,26.96,25996839000000
POSCO홀딩스,005490,326500,-5500,-1.66,154586,50644000000,32.47,25872358000000
HD현대일렉트릭,267260,706000,6000,0.86,96230,68066000000,34.39,25449277000000
한화오션,042660,81700,-700,-0.85,462485,37783000000,10.23,25033974000000
고려아연,010130,1136000,-2000,-0.18,10982,12420000000,27.57,23711692000000
HD한국조선해양,009540,332500,-6500,-1.92,162877,54344000000,33.27,23532061000000
SK이노베이션,096770,136500,-5200,-3.67,503392,69689000000,15.77,23075705000000
두산,000150,1387000,98000,7.6,84444,114344000000,19.67,22460849000000
한미반도체,042700,224500,2000,0.9,483804,106874000000,7.1,21397588000000
메리츠금융지주,138040,125200,-1300,-1.03,188587,23621000000,14.3,20951878000000
한국전력,015760,31000,-350,-1.12,1060673,32886000000,20.91,19900886000000
HMM,011200,20350,-300,-1.45,736788,15054000000,8.67,19194892000000
LG화학,051910,271000,-500,-0.18,170070,46454000000,36.71,19130524000000
SK텔레콤,017670,88000,0,0,580679,50874000000,34.54,18901524000000
삼성중공업,010140,20350,-350,-1.69,2267915,46117000000,28.51,17908000000000
알테오젠,196170,256000,-4000,-1.54,311854,79190078000,15.29,17831714000000
KT&G,033780,171400,600,0.35,130041,22281000000,51.07,17793112000000
미래에셋증권,006800,31850,-200,-0.62,688159,21848000000,11.58,17295220000000
HD현대,267250,218000,-7000,-3.11,142672,31193000000,26.8,17220492000000
LG,003550,112700,-1600,-1.4,320984,36125000000,36.67,17039338000000
삼성에스디에스,018260,217500,-3000,-1.36,108615,23531000000,18.97,16829671000000
포스코퓨처엠,003670,188300,-1000,-0.53,289277,54689000000,9.58,16748573000000
S-Oil,010950,143700,-5000,-3.36,263692,38478000000,79.38,16178147000000
기업은행,024110,20250,-100,-0.49,792246,16028000000,13.67,16147873000000
현대글로비스,086280,200000,-4500,-2.2,178100,35851000000,46.63,15000000000000
카카오,035720,33600,-900,-2.61,1563699,52738000000,29.05,14884796000000
LIG디펜스앤에어로스페이스,079550,665000,-6000,-0.89,36105,24073000000,27.11,14630000000000
현대건설,000720,123200,-4900,-3.83,447215,55726000000,25.22,13719030000000
KT,030200,53000,0,0,98825,5231000000,49,13357149000000
에이피알,278470,351000,-10500,-2.9,261708,92079000000,37.87,13140792000000
한화시스템,272210,69000,-700,-1,243686,16843000000,10.49,13035437000000
현대로템,064350,119200,-2200,-1.81,244970,29291000000,39.36,13009761000000
한국항공우주,047810,125700,-3300,-2.56,216960,27407000000,23.87,12252620000000
DB손해보험,005830,186200,-2500,-1.32,151251,28430000000,43.38,12196164000000
LG이노텍,011070,512000,6000,1.19,84808,43265000000,26.77,12117558000000
에코프로,086520,82100,-2300,-2.73,389898,32151403000,18.95,11147222000000
대한항공,003490,29100,-250,-0.85,1287192,37138000000,25.81,10715219000000
HD현대마린솔루션,443060,235500,3500,1.51,94785,22283000000,30.38,10558279000000
한국금융지주,071050,186800,-4400,-2.3,161000,30078000000,37.9,10409615000000
GS,078930,111400,-3700,-3.21,432722,48442000000,19.84,10348558000000
에코프로비엠,247540,104100,-2900,-2.71,252287,26297346000,14.93,10184148000000
카카오뱅크,323410,20850,-300,-1.42,591512,12367000000,17.61,9947961000000
현대오토에버,307950,362500,-7500,-2.03,30645,11103000000,2.29,9941193000000
삼성E&A,028050,50400,-400,-0.79,987490,49823000000,38.71,9878400000000
포스코인터내셔널,047050,55100,200,0.36,695376,39294000000,6.72,9693345000000
삼양식품,003230,1260000,-17000,-1.33,33394,42146000000,18.59,9491598000000
LS,006260,302000,-1500,-0.49,79946,24248000000,16.83,9422400000000
NH투자증권,005940,25450,-400,-1.55,264615,6757000000,13.55,9396295000000
크래프톤,259960,204000,-6500,-3.09,47675,9762000000,43.55,9332580000000
주성엔지니어링,036930,199600,6800,3.53,1069936,209440324000,8.74,9277631000000
한진칼,180640,136200,-1900,-1.38,41703,5739000000,18.95,9093021000000
아모레퍼시픽,090430,144500,500,0.35,138455,20024000000,26.56,8452203000000
레인보우로보틱스,277810,424000,-9500,-2.19,51647,21985342000,5.73,8225539000000
삼성에피스홀딩스,0126Z0,328500,-4500,-1.35,22853,7494000000,5.28,8174081000000
이수페타시스,007660,107100,2500,2.39,197930,20971000000,16.07,7862127000000
대우건설,047040,18630,-500,-2.61,3885374,72619000000,10.64,7655209000000
삼성증권,016360,85700,-1200,-1.38,172588,14754000000,26.79,7653010000000
코웨이,021240,107300,5800,5.71,234879,25192000000,54.34,7593344000000
가온전선,000500,246000,6000,2.5,231243,57502000000,1.84,7325291000000
하이브,352820,169900,-3200,-1.85,115434,19726000000,18.79,7323851000000
한화,000880,137300,200,0.15,89477,12397000000,21.46,7322057000000
한국타이어앤테크놀로지,161390,57800,-800,-1.37,228422,13182000000,39.47,7159978000000
키움증권,039490,267000,-1500,-0.56,37927,10136000000,29.93,7002960000000
LG씨엔에스,064400,69900,-1100,-1.55,346648,24257000000,5.57,6772327000000
한화솔루션,009830,28550,0,0,856637,24474000000,13.1,6420681000000
한미약품,128940,499500,3000,0.6,150651,76082000000,13.36,6399090000000
HD건설기계,267270,133800,-700,-0.52,146418,19645000000,16.28,6355150000000
LG유플러스,032640,14670,-180,-1.21,775740,11397000000,41.25,6226354000000
SK바이오팜,326030,78700,600,0.77,77265,6022000000,12.08,6163252000000
JB금융지주,175330,32750,550,1.71,587338,19229000000,33.87,6108589000000
현대차2우B,005387,171900,-1800,-1.04,137608,23624000000,53.97,6010299000000
산일전기,062040,194800,7300,3.89,279092,54241000000,16.46,5969227000000
원익IPS,240810,117400,9000,8.3,1029896,118097863000,14.79,5762449000000
두산밥캣,241560,59700,-300,-0.5,79080,4713000000,39.28,5722607000000
이오테크닉스,039030,464000,17500,3.92,84506,38632361000,25.02,5716271000000
유한양행,000100,77400,-1900,-2.4,149949,11669000000,21.45,5697861000000
카카오페이,377300,40650,-5100,-11.15,841352,34582000000,28.09,5499970000000
DB하이텍,000990,126100,9400,8.05,894748,108463000000,24.58,5485928000000
대한전선,001440,27900,0,0,869245,24349000000,11.54,5468193000000
한전기술,052690,135600,-8200,-5.7,659283,91268000000,11.97,5182632000000
삼성카드,029780,44450,-800,-1.77,79602,3554000000,5.18,5149927000000
한화생명,088350,5860,-110,-1.84,1774109,10402000000,8.91,5089585000000
리노공업,058470,65800,1500,2.33,396115,25630240000,29.57,5014739000000
대덕전자,353200,100800,4100,4.24,548397,54366000000,18.07,4981226000000
BNK금융지주,138930,16110,70,0.44,694185,11204000000,37.56,4943188000000
심텍,222800,129000,3500,2.79,390710,49800389000,11.1,4898675000000
맥쿼리인프라,088980,9740,-40,-0.41,574073,5607000000,8.24,4664700000000
현대제철,004020,34800,-350,-1,760708,26524000000,14.98,4643913000000
엘앤에프,066970,111300,-3400,-2.96,387943,43501000000,16.99,4528202000000
로보티즈,108490,308000,-16500,-5.08,306866,95621083000,7.26,4517444000000
LG생활건강,051900,299500,-2500,-0.83,60353,18088000000,31.79,4485169000000
두산로보틱스,454910,68000,-1500,-2.16,173504,11810000000,5.21,4407758000000
오리온,271560,111500,-4500,-3.88,236911,26665000000,39.25,4407459000000
HPSP,403870,53000,1100,2.12,1029546,54167180000,32.81,4361900000000
NC,036570,200500,-3500,-1.72,67485,13613000000,38.98,4319576000000
SKC,011790,85600,-1700,-1.95,77899,6713000000,10.6,4245614000000
LG디스플레이,034220,8480,-130,-1.51,2148108,18215000000,26.66,4240000000000
HLB,028300,31700,-750,-2.31,345824,10931918000,17.16,4222383000000
현대해상,001450,48250,-950,-1.93,222902,10827000000,39.04,4113228000000
KCC,002380,467000,-3000,-0.64,21031,9816000000,20.67,4012882000000
현대차우,005385,171900,-3600,-2.05,85061,14664000000,56.26,4012311000000
한화엔진,082740,48050,250,0.52,373460,17889000000,14.63,4009635000000
ISC,095340,188900,7300,4.02,110065,20538504000,28.43,4004124000000
CJ,001040,130300,-1200,-0.91,78412,10238000000,18.2,3801762000000
OCI홀딩스,010060,200500,-3000,-1.47,112903,22745000000,16.38,3743381000000
피에스케이,319660,127500,9200,7.78,271670,33597954000,21.58,3693256000000
삼천당제약,000250,155900,-1600,-1.02,37678,5839699000,4.45,3657019000000
피에스케이홀딩스,031980,166800,-100,-0.06,156745,25482281000,6.43,3596607000000
한국콜마,161890,150000,5500,3.81,260671,38661000000,40.08,3540761000000
한미사이언스,008930,50700,-900,-1.74,153370,7777000000,1.31,3467451000000
한온시스템,018880,3345,-25,-0.74,1794769,6024000000,6.53,3432848000000
신세계,004170,361500,-6500,-1.77,81891,29926000000,30.02,3414432000000
펩트론,087010,146200,-4600,-3.05,100513,14575222000,4.85,3408996000000
파마리서치,214450,328000,-9000,-2.67,109177,35803139000,11.91,3407804000000
롯데쇼핑,023530,119300,4000,3.47,220668,26380000000,13.75,3374848000000
DL이앤씨,375500,87200,-2200,-2.46,561223,49910000000,23.77,3374083000000
두산퓨얼셀,336260,51400,-200,-0.39,835335,42391000000,14.09,3366377000000
일진전기,103590,70000,1600,2.34,267576,18853000000,10.07,3337977000000
한국가스공사,036460,36050,-850,-2.3,146647,5257000000,13.45,3327883000000
에이비엘바이오,298380,57700,-1600,-2.7,805690,45100428000,13.6,3230476000000
포스코DX,022100,21200,-450,-2.08,196628,4193000000,3.08,3223136000000
영원무역,111770,72300,400,0.56,37981,2741000000,29.34,3203719000000
코스맥스,192820,280500,7500,2.75,80523,22630000000,35.32,3183537000000
에스원,012750,82900,-1300,-1.54,45232,3756000000,55.84,3150131000000
GS건설,006360,36650,-1150,-3.04,838913,31006000000,20.08,3136561000000
유진테크,084370,137200,8300,6.44,133610,17763368000,36.3,3144080000000
강원랜드,035250,14560,-170,-1.15,212969,3102000000,9.22,3114973000000
팬오션,028670,5800,120,2.11,1931834,11224000000,17.24,3100503000000
금호석유화학,011780,121100,-1500,-1.22,72395,8857000000,28.55,3046552000000
리가켐바이오,141080,82200,-1500,-1.79,238818,19394381000,13.27,3042996000000
티씨케이,064760,268000,8500,3.28,54225,14225950000,65.2,2996083000000
파두,440110,59300,-2200,-3.58,352800,20653079000,25.39,2971583000000
서울보증보험,031210,42350,-600,-1.4,24998,1063000000,7.05,2956944000000
iM금융지주,139130,18330,30,0.16,285264,5231000000,45.13,2902801000000
휴젤,145020,229500,-6000,-2.55,27716,6354798000,58.35,2872232000000
현대엘리베이터,017800,72900,-200,-0.27,66932,4866000000,22.1,2849834000000
SK바이오사이언스,302440,36200,-550,-1.5,53973,1953000000,6.07,2840127000000
넷마블,251270,34050,-1100,-3.13,120985,4149000000,27.24,2831544000000
실리콘투,257720,42750,-900,-2.06,594752,25922923000,11.95,2803384000000
롯데케미칼,011170,64300,-100,-0.16,343352,22677000000,20.43,2750459000000
DN오토모티브,007340,46050,450,0.99,52015,2371000000,5.88,2694425000000
티에스이,131290,243000,1500,0.62,80735,19372440000,9.61,2687927000000
코리안리,003690,15160,140,0.93,229052,3469000000,26.37,2679090000000
CJ제일제당,097950,176900,-1300,-0.73,40236,7144000000,11.72,2663085000000
효성,004800,158500,4800,3.12,17278,2722000000,21.53,2653354000000
테스,095610,135700,6000,4.63,167383,22044485000,6.65,2627152000000
미래에셋생명,085620,19350,70,0.36,39157,754000000,0.66,2615733000000
보로노이,310210,140500,-1000,-0.71,86915,12065740000,6.28,2602558000000
솔브레인,357780,331000,6000,1.85,14014,4600976000,30.92,2574705000000
F&F,383220,66800,-500,-0.74,26798,1794000000,12.93,2558912000000
동서,026960,25450,0,0,37933,962000000,3.74,2537365000000
올릭스,226950,110500,2200,2.03,254252,27294097000,9.5,2513934000000
에코프로머티,450080,35400,-600,-1.67,147185,5226000000,13.96,2506810000000
대한광통신,010170,16040,1900,13.44,43258631,675879821000,1.95,2493989000000
롯데지주,004990,25000,50,0.2,147866,3704000000,9.94,2491594000000
한올바이오파마,009420,47600,-1000,-2.06,184984,8799000000,4.45,2486654000000
제주반도체,080220,71100,2300,3.34,522407,36486555000,0,2448885000000
BGF리테일,282330,141500,-300,-0.21,27694,3921000000,40.09,2445672000000
농심,004370,398000,-10500,-2.57,19438,7767000000,25.21,2420891000000
현대지에프홀딩스,005440,13100,-460,-3.39,432754,5709000000,9.69,2402503000000
현대무벡스,319400,21200,-250,-1.17,322678,6818567000,1.84,2361172000000
신영증권,001720,143000,-3200,-2.19,4915,705000000,6.16,2350920000000
에스엘,005850,50100,-600,-1.18,56939,2846000000,15.95,2327070000000
한국앤컴퍼니,000240,24200,0,0,47070,1132000000,8.84,2297432000000
하나마이크론,067310,34600,1050,3.13,604440,20633254000,17.48,2300584000000
한솔케미칼,014680,211500,8500,4.19,69763,14711000000,43.55,2282938000000
HL만도,204320,48450,-150,-0.31,223000,10784000000,18.39,2275072000000
서진시스템,178320,35400,-200,-0.56,669197,23964249000,14.1,2255811000000
한화비전,489790,44650,200,0.45,70335,3114000000,24.15,2254306000000
케이뱅크,279570,5550,-70,-1.25,360772,2008000000,1.73,2251608000000
우리기술,032820,12900,-310,-2.35,2942767,38093399000,5.12,2228921000000
SK가스,018670,239500,-500,-0.21,4330,1037000000,5.62,2219983000000
메지온,140410,72100,-1000,-1.37,57048,4106266000,23.86,2207822000000
케어젠,214370,41100,-250,-0.6,43679,1788489000,4.7,2207686000000
씨에스윈드,112610,52300,-700,-1.32,220194,11554000000,16.81,2205564000000
펄어비스,263750,34600,-1100,-3.08,195010,6776863000,5.02,2174399000000
에스피지,058610,98000,-4800,-4.67,344049,33825125000,5.62,2173381000000
영원무역홀딩스,009970,166600,-1900,-1.13,5106,849000000,23.28,2158105000000
풍산,103140,76600,500,0.66,60684,4641000000,12.53,2146659000000
현대백화점,069960,98200,0,0,144453,14231000000,25.93,2117674000000
디앤디파마텍,347850,46050,-600,-1.29,334419,15197545000,10.23,2110821000000
한전KPS,051600,46650,-950,-2,98811,4624000000,8.43,2099250000000
미스토홀딩스,081660,39300,200,0.51,72708,2847000000,40.48,2086509000000
클래시스,214150,31900,300,0.95,127514,4064288000,68.3,2081017000000
동진쎄미켐,005290,40500,800,2.02,135775,5415915000,12.63,2064290000000
롯데에너지머티리얼즈,020150,38900,-1200,-2.99,156171,6101000000,7.75,2037016000000
이마트,139480,73300,-900,-1.21,98966,7307000000,23.54,2022773000000
금호타이어,073240,7050,-30,-0.42,726297,5125000000,11.7,2025185000000
제일기획,030000,17590,-1200,-6.39,1223460,21747000000,18.73,2023575000000
아모레퍼시픽홀딩스,002790,26350,50,0.19,71380,1875000000,14.63,2014673000000
GS리테일,007070,24000,-450,-1.84,139730,3366000000,14.05,2006577000000
달바글로벌,483650,159500,-3600,-2.21,140490,22428000000,43.29,1997883000000
에스엠,041510,87000,-500,-0.57,111063,9750004000,31.62,1991838000000
비에이치아이,083650,63300,-1900,-2.91,318545,20129131000,8.13,1958778000000
원익홀딩스,030530,25100,50,0.2,2569325,64535992000,5.23,1938673000000
이수스페셜티케미컬,457190,64100,-900,-1.38,63407,4078000000,5.08,1937029000000
에스티팜,237690,90000,500,0.56,56729,5068116000,12.77,1878897000000
고영,098460,27150,-350,-1.27,420143,11335682000,29.38,1851744000000
시프트업,462870,31450,-700,-2.18,23631,747000000,36.93,1847432000000
파크시스템스,140860,252500,-2000,-0.79,9162,2299867000,40.05,1768123000000
두산우,000155,438000,8500,1.98,10717,4768000000,10.52,1750450000000
롯데렌탈,089860,48000,-400,-0.83,83558,3983000000,6.1,1742850000000
NHN,181710,53100,-2300,-4.15,184661,9875000000,13.64,1739191000000
대한조선,439260,45500,-500,-1.09,23179,1057000000,2.14,1733037000000
셀트리온제약,068760,38850,-400,-1.02,40488,1577898000,4.81,1725030000000
다우기술,023590,39700,-450,-1.12,35916,1425000000,27.46,1718506000000
LS에코에너지,229640,55800,5950,11.94,997999,58333000000,6.66,1708868000000
테크윙,089030,45400,1300,2.95,389155,17371465000,19.4,1682235000000
LS마린솔루션,060370,32000,-450,-1.39,123791,4022273000,2.6,1671643000000
SK이터닉스,475150,48850,-1050,-2.1,587207,28821000000,3.02,1664173000000
HD현대마린엔진,071970,48850,-900,-1.81,162211,7939000000,12.58,1657065000000
CJ대한통운,000120,71300,-400,-0.56,45502,3236000000,15.47,1626520000000
코오롱인더,120110,53800,100,0.19,74028,4005000000,17.64,1611096000000
아시아나항공,020560,7820,-60,-0.76,69324,538000000,3.85,1610847000000
네이처셀,007390,24950,100,0.4,104958,2601822000,7.31,1607654000000
LX인터내셔널,001120,41350,1550,3.89,228909,9475000000,25.9,1602726000000
동원산업,006040,36100,-550,-1.5,19708,715000000,4.77,1593483000000
호텔신라,008770,40600,-200,-0.49,172885,7017000000,19.69,1593473000000
후성,093370,14700,-80,-0.54,4871279,71552000000,10.49,1576653000000
HDC,012630,26350,-1600,-5.72,99015,2659000000,24.98,1574194000000
SK리츠,395400,5210,-70,-1.33,241847,1255000000,8.32,1568301000000
IPARK현대산업개발,294870,23750,-750,-3.06,161668,3919000000,17.75,1565299000000
삼현,437730,49200,-3500,-6.64,630109,31495173000,1.59,1560012000000
세아베스틸지주,001430,43100,-150,-0.35,140000,6013000000,7.08,1545657000000
씨젠,096530,32300,50,0.16,121404,3921463000,21.35,1509521000000
두산테스나,131970,77900,3500,4.7,313698,23786636000,9.74,1505591000000
현대위아,011210,54700,-1200,-2.15,49467,2720000000,19.39,1487571000000
삼화콘덴서,001820,142800,300,0.21,661531,94913000000,5.72,1484406000000
오리온홀딩스,001800,24450,0,0,43460,1058000000,9.98,1470830000000
에임드바이오,0009K0,22500,-100,-0.44,52834,1175646000,2.72,1462334000000
SFA반도체,036540,8870,270,3.14,8146415,71008847000,7.61,1458762000000
코스메카코리아,241710,136300,9700,7.66,143078,19202620000,24.33,1455684000000
녹십자,006280,122600,-2300,-1.84,17268,2115000000,23.76,1432769000000
코미코,183300,27750,1800,6.94,332191,8956133000,26.7,1425330000000
삼성전기우,009155,486500,6500,1.35,15749,7624000000,27.07,1414247000000
효성티앤씨,298020,323500,-1500,-0.46,11159,3602000000,21.07,1400005000000
RFHIC,218410,52100,2750,5.57,1006805,52832927000,22.43,1384580000000
케이씨텍,281820,70000,1100,1.6,133214,9157000000,14.8,1385906000000
JYP Ent.,035900,38800,-350,-0.89,103663,4024338000,13.57,1378660000000
코스모신소재,005070,41350,100,0.24,134637,5650000000,6.08,1373422000000
태성,323280,44650,250,0.56,139659,6218720000,5.73,1363520000000
대주전자재료,078600,86700,100,0.12,93893,8158487000,13.79,1361548000000
브이엠,089970,51600,2700,5.52,505254,25409220000,14.52,1358461000000
성호전자,043260,18510,1700,10.11,4943544,90120912000,1.92,1359255000000
HJ중공업,097230,14970,-200,-1.32,182919,2746000000,5.76,1351721000000
HD현대에너지솔루션,322000,120500,-2900,-2.35,161525,19514000000,6.45,1349600000000
코오롱티슈진,950160,15890,-200,-1.24,406660,6464229000,3.68,1350175000000
미래에셋증권2우B,00680K,10490,70,0.67,146158,1520000000,23.86,1335074000000
오스코텍,039200,34500,-100,-0.29,42958,1473476000,12.37,1319907000000
기가비스,420770,103500,4800,4.86,122833,12584906000,7.31,1311940000000
SK아이이테크놀로지,361610,15800,-750,-4.53,280352,4482000000,6.03,1292236000000
오뚜기,007310,321500,-2000,-0.62,2241,718000000,11.13,1288517000000
KB발해인프라,415640,10450,-150,-1.42,110324,1151000000,2.03,1280600000000
대신증권,003540,26800,-200,-0.74,46363,1240000000,9.78,1277452000000
대웅제약,069620,108700,-1100,-1,16633,1806000000,14.82,1259460000000
SK네트웍스,001740,6260,-40,-0.63,352002,2213000000,17.42,1255717000000
하림지주,003380,11210,-30,-0.27,267825,2988283000,7.77,1255583000000
비츠로셀,082920,27800,1100,4.12,209058,5792659000,28.46,1254877000000
제이앤티씨,204270,21550,250,1.17,524988,11054688000,2.84,1246634000000
삼성화재우,000815,410000,-2000,-0.49,5964,2436000000,34.47,1232878000000
엘앤씨바이오,290650,45500,-1650,-3.5,110220,5019109000,24.11,1227121000000
코리아써키트,007810,50500,1000,2.02,121654,6033000000,6.52,1211122000000
더블유게임즈,192080,57100,-900,-1.55,32912,1895000000,21.17,1209005000000
롯데웰푸드,280360,130900,-5500,-4.03,30045,3937000000,13.7,1204878000000
LG전자우,066575,68600,-200,-0.29,40207,2741000000,44.92,1178637000000
한일시멘트,300720,16030,-320,-1.96,44828,722000000,4.55,1178929000000
롯데정밀화학,004000,45200,-200,-0.44,50494,2290000000,23.64,1166160000000
제이에스링크,127120,31400,1100,3.63,167577,5232517000,3.37,1163827000000
교보증권,030610,10090,-210,-2.04,20976,211000000,1.04,1149886000000
DL,000210,54600,1100,2.06,90828,4993000000,21.38,1144191000000
롯데리츠,330590,3955,5,0.13,114184,451000000,7.4,1142871000000
HK이노엔,195940,39000,-450,-1.14,94807,3700091000,11.79,1104865000000
오름테라퓨틱,475830,50600,100,0.2,37479,1863759000,7.17,1099011000000
한국카본,017960,20900,-250,-1.18,113521,2373000000,13.12,1080038000000
하이트진로,000080,15080,-40,-0.26,50305,756000000,7.7,1057614000000
스피어,347700,20300,300,1.5,563669,11405767000,8.91,1046492000000
하나머티리얼즈,166090,52900,400,0.76,83288,4297457000,24.17,1046238000000
본시스템즈,496320,1023000,0,0,0,0,0,1039340000000
카카오게임즈,293490,9600,-280,-2.83,216030,2067483000,4.08,1024754000000
태광산업,003240,908000,1000,0.11,439,398000000,3.49,1010967000000
SFA,056190,28050,-750,-2.6,204257,5694434000,13.19,1007240000000
대원전선,006340,12760,40,0.31,1313355,16989000000,2.94,1000567000000
샘씨엔에스,252990,16640,330,2.02,680827,11191225000,8.62,1002025000000
한화투자증권,003530,4580,-165,-3.48,1361506,6256000000,6.42,982628000000
와이씨,232140,11790,110,0.94,862961,10068962000,5.64,967314000000
SK디스커버리,006120,55500,-1400,-2.46,16052,893000000,13.72,966463000000
해성디에스,195870,56500,8300,17.22,569940,31085000000,21.92,960500000000
쿠쿠홀딩스,192400,26850,-150,-0.56,6789,182000000,10.8,954844000000
한화리츠,451800,5260,-30,-0.57,48432,252000000,0.85,944696000000
한화손해보험,000370,8090,-230,-2.76,353749,2876000000,14.16,944417000000
동국제약,086450,20750,450,2.22,346112,7163819000,10.62,938531000000
SK케미칼,285130,53900,-300,-0.55,30447,1646000000,10.16,932403000000
롯데관광개발,032350,11690,10,0.09,174619,2039000000,20.3,931990000000
NICE평가정보,030190,15960,-130,-0.81,66697,1074000000,32.64,929969000000
한샘,009240,39250,250,0.64,19287,755000000,12.74,923706000000
STX엔진,077970,22900,-250,-1.08,74410,1699000000,3.98,919390000000
대웅,003090,15800,-260,-1.62,61679,974000000,5.02,918643000000
LG화학우,051915,119100,-1500,-1.24,26001,3101000000,46.2,915736000000
파라다이스,034230,9820,-60,-0.61,198770,1946000000,7.57,909620000000
종근당,185750,65600,-300,-0.46,10079,658000000,15.51,905462000000
SNT다이내믹스,003570,27200,-400,-1.45,26810,728000000,13.53,904473000000
티엘비,356860,37850,600,1.61,362257,13564927000,6.01,897092000000
CJ CGV,079160,5400,-190,-3.4,386738,2087000000,5.62,894147000000
유안타증권,003470,4600,-140,-2.95,302236,1394000000,68.68,886328000000
씨어스,458870,23100,-400,-1.7,43727,1007191000,4.61,885777000000
디아이,003160,31200,1500,5.05,333330,10263000000,14.88,882960000000
롯데칠성,005300,94900,-1400,-1.45,14184,1349000000,16.12,880566000000
삼아알미늄,006110,58000,-1000,-1.69,71648,4212000000,38.53,877160000000
영풍,000670,47200,-3300,-6.53,153096,7247000000,15.68,868984000000
미래에셋벤처투자,100790,16330,310,1.94,242709,3957792000,4.39,867459000000
한국금융지주우,071055,147300,-800,-0.54,11188,1638000000,21.04,862920000000
에스앤에스텍,101490,40400,800,2.02,85173,3394726000,13.94,861929000000
경동나비엔,009450,58700,-900,-1.51,45230,2650000000,8.84,855176000000
LS머트리얼즈,417200,12600,400,3.28,4183318,53886673000,9.46,852423000000
지역난방공사,071320,73500,-1100,-1.47,9055,668000000,3.03,851037000000
CJ ENM,035760,38800,800,2.11,96416,3732406000,11.04,850851000000
신성델타테크,065350,30950,-250,-0.8,52988,1640064000,3.57,850628000000
GST,083450,46150,350,0.76,71404,3264975000,22.81,850544000000
성광벤드,014620,31900,-1700,-5.06,204841,6605292000,33.5,847179000000
솔브레인홀딩스,036830,41150,-500,-1.2,16515,677839000,6.16,843738000000
세방전지,004490,60400,-400,-0.66,30648,1865000000,23.47,837144000000
와이지엔터테인먼트,122870,44500,-100,-0.22,124452,5563705000,10.03,831751000000
큐리언트,115180,21900,50,0.23,38569,838769000,3.06,821997000000
쎄트렉아이,099320,74100,1900,2.63,33546,2458329000,11.27,811489000000
큐리옥스바이오시스템즈,445680,47050,-2050,-4.18,105979,5090876000,6.92,809800000000
유일로보틱스,388720,68200,-1300,-1.87,14981,1018705000,15.61,803487000000
RF머트리얼즈,327260,44150,-1100,-2.43,754773,34269554000,9.79,794207000000
에스에이엠티,031330,7920,110,1.41,160557,1260359000,7.51,791960000000
GS피앤엘,499790,39750,-300,-0.75,10685,425000000,10.6,788275000000
빙그레,005180,85000,-2100,-2.41,34507,2948000000,22.89,787867000000
인바디,041830,58400,100,0.17,27753,1594845000,33.25,787283000000
SNT에너지,100840,38050,1450,3.96,254470,9713000000,1.13,786903000000
지엔씨에너지,119850,47400,-1050,-2.17,368621,17651992000,7.85,779678000000
SGC에너지,005090,53500,-1800,-3.25,160446,8645000000,5.05,770899000000
덕산네오룩스,213420,31000,250,0.81,72343,2220509000,12.25,769766000000
ESR켄달스퀘어리츠,365550,3120,-35,-1.11,190690,599000000,39.08,767797000000
인제니아테라퓨틱스(Reg.S),950260,15500,350,2.31,428926,6574361000,0.59,766391000000
케이엠더블유,032500,18060,1990,12.38,809790,14386992000,5.94,761982000000
넥슨게임즈,225570,11510,-120,-1.03,128391,1477962000,3,758050000000
다우데이타,032190,19760,-440,-2.18,34357,682740000,13.98,756808000000
HS효성첨단소재,298050,168400,400,0.24,4006,674000000,7.96,754423000000
보령,003850,8790,200,2.33,200088,1771000000,5.8,754069000000
펌텍코리아,251970,60600,2900,5.03,155120,9291161000,14.36,751440000000
로보스타,090360,77100,-2100,-2.65,60059,4631044000,5.34,751725000000
SK오션플랜트,100090,11980,-170,-1.4,393037,4723000000,4.34,748487000000
서부T&D,006730,11620,410,3.66,538294,6233603000,16.12,746897000000
SNT홀딩스,036530,45700,-1000,-2.14,6291,289000000,12.27,745087000000
태웅,044490,37150,-1200,-3.13,118385,4464131000,3.21,743274000000
필옵틱스,161580,31700,700,2.26,170887,5361624000,1.38,743119000000
하이젠알앤엠,160190,24000,-1000,-4,413633,9748074000,1.16,741312000000
에스디바이오센서,137310,6120,-70,-1.13,61028,374000000,6.15,738984000000
제룡전기,033100,46000,300,0.66,36521,1679572000,6.05,738870000000
삼표시멘트,038500,6840,50,0.74,144481,979978000,5.12,738147000000
맵스리얼티,094800,7930,240,3.12,263962,2067000000,3.2,736176000000
코미팜,041960,9820,0,0,184058,1797196000,4.46,732750000000
이노션,214320,18250,-130,-0.71,53934,982000000,19.76,730000000000
휴림로봇,090710,6090,-50,-0.81,635733,3868462000,7.67,728114000000
차바이오텍,085660,7820,-130,-1.64,128341,1002962000,7.56,727047000000
알지노믹스,476830,25900,-800,-3,193652,4994937000,9.64,726635000000
안랩,053800,64600,1000,1.57,73355,4689091000,26.51,718772000000
원익QnC,074600,26900,600,2.28,143379,3816151000,12.61,707147000000
클로봇,466100,22800,-250,-1.08,188432,4294202000,6.32,705745000000
선익시스템,171090,69500,2600,3.89,48044,3310330000,2.08,703870000000
인텔리안테크,189300,65400,1800,2.83,56517,3657917000,22.28,702232000000
레이크머티리얼즈,281740,10610,-270,-2.48,145668,1549490000,9.64,697401000000
파미셀,005690,11570,710,6.54,1116322,12650000000,8.4,694246000000
리브스메드,491000,27500,-3050,-9.98,478943,13497516000,3.18,694519000000
티에프이,425420,56200,2700,5.05,58500,3215816000,3.55,693911000000
SNT모티브,064960,26100,0,0,35300,916000000,12.51,692701000000
씨엠티엑스,388210,71700,1800,2.58,30399,2149682000,7.61,692223000000
피엔티,137400,28900,-650,-2.2,93490,2700730000,4.02,684662000000
미원에스씨,268280,135400,-3400,-2.45,954,127000000,0.54,677000000000
케이아이엔엑스,093320,138500,-2200,-1.56,7535,1035228000,43.79,675880000000
TKG휴켐스,069260,16380,30,0.18,32967,538000000,8.07,669591000000
아이티센글로벌,124500,28700,-1800,-5.9,335333,9513040000,2.11,665969000000
한국쉘석유,002960,509000,0,0,436,220000000,58.64,661700000000
태광,023160,25550,-1750,-6.41,249377,6442277000,17.71,660908000000
온코닉테라퓨틱스,476060,14540,-160,-1.09,91164,1327864000,0.07,660229000000
대한유화,006650,101500,1400,1.4,57950,6000000000,10.76,659750000000
대한해운,005880,2040,10,0.49,737519,1503000000,12.29,658404000000
미코,059090,19700,-20,-0.1,166929,3268656000,22.5,658310000000
신한알파리츠,293940,5420,70,1.31,73825,400000000,11.21,655495000000
에이치브이엠,295310,53200,800,1.53,109100,5820387000,4.74,654977000000
현대바이오,048410,6800,380,5.92,1589243,10702631000,6.06,656237000000
OCI,456040,73000,-1400,-1.88,21075,1544000000,10.31,653532000000
인텍플러스,064290,50200,4350,9.49,481044,23516517000,1.55,650470000000
피노,033790,7760,190,2.51,1289726,9981391000,38.98,646577000000
스튜디오드래곤,253450,21550,-400,-1.82,22190,479235000,9.09,647760000000
E1,017940,93800,-2200,-2.29,10582,1001000000,7.6,643468000000
LF,093050,22000,-300,-1.35,23349,523000000,13.14,643280000000
롯데손해보험,000400,2050,5,0.24,150420,306000000,0.79,636189000000
JW중외제약,001060,27300,200,0.74,37330,1019000000,7.53,635705000000
동아쏘시오홀딩스,000640,94100,-300,-0.32,10766,1004000000,17.09,633530000000
현대그린푸드,453340,19510,110,0.57,53299,1026000000,15.72,633520000000
금양,001570,9900,0,0,0,0,4.18,633275000000
비에이치,090460,18720,-940,-4.78,735015,13891000000,10.02,631079000000
대상,001680,18100,-200,-1.09,40577,736000000,16.48,627129000000
명인제약,317450,42600,-800,-1.84,9756,415000000,0.86,621960000000
예스티,122640,28500,150,0.53,167218,4742767000,4.37,617062000000
나노신소재,121600,50300,-500,-0.98,47979,2417746000,7.18,616788000000
LX홀딩스,383800,8100,90,1.12,52750,424000000,12.9,617873000000
루닛,328130,8250,-280,-3.28,225017,1858761000,10.05,614279000000
동원시스템즈,014820,21150,0,0,41740,889000000,13.79,613165000000
한화3우B,00088K,41300,300,0.73,10675,445000000,30.66,606144000000
미원상사,002840,134400,1400,1.05,2568,343000000,2.92,604800000000
광전자,017900,10390,-270,-2.53,11836573,124924000000,19.22,602035000000
솔루엠,248070,12600,-20,-0.16,56266,705000000,18.9,602484000000
이엔에프테크놀로지,102710,41300,1150,2.86,43506,1776173000,23.06,590087000000
SFA넥셀,222080,7490,-80,-1.06,297227,2223808000,11.29,582573000000
서울반도체,046890,9940,370,3.87,158384,1564967000,15.07,579555000000
LX세미콘,108320,35600,550,1.57,38505,1365000000,31.45,579009000000
지아이이노베이션,358570,8970,-180,-1.97,303593,2692964000,9.31,578708000000
한국단자,025540,56600,400,0.71,17443,980000000,27.93,572509000000
전진건설로봇,079900,39000,-750,-1.89,20479,801000000,0.14,569109000000
세진중공업,075580,10000,-110,-1.09,53159,532000000,2.38,568494000000
에프에스티,036810,26050,-300,-1.14,41069,1063647000,7.55,563977000000
KG스틸,016380,5630,50,0.9,108650,604000000,6.01,563050000000
세아홀딩스,058650,132700,800,0.61,522,69000000,1.36,562944000000
GKL,114090,9090,-100,-1.09,124953,1131000000,11.91,562268000000
한화머시너리앤서비스홀딩스,0220W0,6650,-420,-5.94,1560718,10580000000,15.55,562028000000
네패스,033640,24300,400,1.67,307174,7465525000,11.71,560338000000
동운아나텍,094170,26750,-300,-1.11,37043,990430000,2.8,559340000000
프로텍,053610,62100,1000,1.64,7061,432327000,6.78,558900000000
자화전자,033240,25800,-100,-0.39,59428,1534000000,12.29,557421000000
솔루스첨단소재,336370,7910,-330,-4,189244,1510000000,2.61,555379000000
쏠리드,050890,9140,390,4.46,5273700,48332650000,16.63,555314000000
DI동일,001530,26700,-350,-1.29,9273,247000000,4.73,553107000000
지투지바이오,456160,33000,-1500,-4.35,185548,6169818000,6.05,548771000000
넥센타이어,002350,5610,-70,-1.23,81191,457000000,10.68,547916000000
CJ4우(전환),00104K,129600,-100,-0.08,3653,467000000,3.83,547755000000
한일홀딩스,003300,17730,-40,-0.23,17551,312000000,3.93,546641000000
SK증권,001510,2345,-5,-0.21,1289407,3001000000,2.02,542386000000
PI첨단소재,178920,18270,-270,-1.46,21521,393000000,14.57,536522000000
비나텍,126340,74300,9100,13.96,488456,36020642000,11.4,533504000000
풍산홀딩스,005810,37000,50,0.14,6316,235000000,11.96,533439000000
쿠쿠홈시스,284740,23700,250,1.07,19996,468000000,9.54,531764000000
KG모빌리티,003620,2620,0,0,314901,822000000,17.74,530222000000
부국증권,001270,51000,-500,-0.97,2719,137000000,1.21,528864000000
F&F홀딩스,007700,13490,-300,-2.18,19200,260000000,0.36,527652000000
코나아이,052400,36050,-1750,-4.63,63645,2301579000,3.43,525006000000
포스코엠텍,009520,12570,-190,-1.49,66665,838080000,6.87,523448000000
네오셈,253590,11890,470,4.12,497758,5837493000,0,521604000000
NHN KCP,060250,12870,-1220,-8.66,761536,9861026000,10.11,516867000000
HLB이노베이션,024850,16200,320,2.02,94809,1497066000,0,514407000000
위메이드,112040,15100,-800,-5.03,196166,3001928000,6.63,512622000000
인카금융서비스,211050,10360,-330,-3.09,38517,402911000,2.51,510371000000
한양이엔지,045100,29050,500,1.75,22776,654211000,19.6,508375000000
엠앤씨솔루션,484870,18460,350,1.93,169089,3124000000,7.23,506942000000
금호건설,002990,13590,290,2.18,1501310,20264000000,0,506363000000
한화갤러리아,452260,2595,140,5.7,2181856,5598000000,1.14,503065000000
가비아,079940,37300,-2000,-5.09,26656,1003495000,34.23,500591000000
태영건설,009410,1681,13,0.78,201509,339000000,0.52,500248000000
메디톡스,086900,68500,-200,-0.29,11739,796158000,14.18,499947000000
에스티큐브,052020,7350,-40,-0.54,91390,671199000,5.52,499677000000
하나투어,039130,32150,-600,-1.83,18397,591000000,11.47,498001000000
세미파이브,490470,14600,210,1.46,155331,2252654000,4.73,496771000000
대신증권우,003545,20350,100,0.49,37515,760000000,12.92,496200000000
월덱스,101160,30050,100,0.33,35597,1071037000,20.45,496155000000
빛과전자,069540,4390,270,6.55,71977790,328599963000,0.74,494717000000
동국제강,460860,9970,-370,-3.58,143813,1444000000,26.62,494591000000
아난티,025980,5080,-90,-1.74,690982,3538074000,4.99,494289000000
와이지-원,019210,13190,560,4.43,424312,5565105000,21.47,490585000000
삼양사,145990,47450,-50,-0.11,6569,311000000,5.24,489373000000
삼지전자,037460,29950,0,0,38617,1161816000,5.56,488739000000
현대차증권,001500,7890,-90,-1.13,47560,375000000,3.1,487862000000
동성화인텍,033500,16250,-10,-0.06,38271,622815000,15.8,487329000000
삼성FN리츠,448730,5320,20,0.38,88683,466000000,0.49,484386000000
삼천리,004690,133700,900,0.68,2953,389000000,11.93,484900000000
엑스게이트,356680,16980,-570,-3.25,9240311,164336058000,0.45,484668000000
애경케미칼,161000,9920,-370,-3.6,169140,1692000000,0.23,482595000000
에이프릴바이오,397030,17510,330,1.92,107440,1864568000,9.75,482554000000
로킷헬스케어,376900,27750,-2150,-7.19,130399,3668606000,5.78,483107000000
신풍제약,019170,9190,-780,-7.82,440265,4090000000,4.13,481726000000
서희건설,035890,2315,-10,-0.43,126043,289221000,3.92,480567000000
덕산하이메탈,077360,10570,390,3.83,522602,5453242000,5.62,480269000000
바이오노트,377740,4710,-20,-0.42,31659,148000000,0.55,479883000000
성우하이텍,015750,5960,-30,-0.5,93008,554326000,6.43,476800000000
한솔테크닉스,004710,8970,0,0,341304,3067000000,5.52,476484000000
에코프로에이치엔,383310,22700,-300,-1.3,42042,958139000,8.07,476130000000
가온칩스,399720,39850,350,0.89,32714,1298626000,1.07,472574000000
드림텍,192650,7160,370,5.45,1862840,13092000000,58.89,471749000000
아이센스,099190,15950,-310,-1.91,26279,420286000,24.46,471699000000
젬백스,082270,10320,-50,-0.48,78262,802500000,6.91,469359000000
삼양홀딩스,000070,60400,600,1,5414,325000000,8.04,468896000000
한국기업평가,034950,103000,-500,-0.48,788,81347000,80.84,467672000000
현대힘스,460930,13110,-40,-0.3,80346,1049387000,1.15,465544000000
타이거일렉,219130,73600,8600,13.23,148482,10564648000,5.79,464731000000
아모레퍼시픽우,090435,44000,-1800,-3.93,20503,930000000,48.51,464544000000
오킨스전자,080580,21900,350,1.62,583037,12613359000,7.8,461891000000
코세스,089890,27800,2400,9.45,258041,7119463000,2.23,461061000000
아이에스동서,010780,15440,-70,-0.45,33948,523000000,7.15,458948000000
천보,278280,37350,-150,-0.4,30154,1118755000,4.24,457650000000
일동제약,249420,14420,-480,-3.22,158122,2295000000,4.93,456223000000
NICE,034310,12390,140,1.14,13192,160000000,8.9,455421000000
고려제강,002240,16860,-20,-0.12,12080,202000000,6.75,455220000000
성일하이텍,365340,35200,-500,-1.4,11538,407340000,3,454823000000
원텍,336570,5010,20,0.4,341247,1708601000,3.29,447296000000
대덕,008060,14260,260,1.86,84592,1209000000,15.33,446154000000
녹십자홀딩스,005250,9460,-190,-1.97,49763,471000000,8.17,444886000000
엔켐,348370,20100,-400,-1.95,87121,1757166000,4.03,440410000000
세아제강지주,003030,106500,1900,1.82,11051,1158000000,8.61,441086000000
유진로봇,056080,11500,-610,-5.04,343439,4001117000,19.98,439708000000
아세아,002030,212500,0,0,1030,219000000,5.26,437506000000
조광피혁,004700,65700,-500,-0.76,120,7000000,0.61,436848000000
케이씨,029460,39600,850,2.19,20590,803000000,14.13,436413000000
흥아해운,003280,1811,9,0.5,4065916,7407000000,1.91,435409000000
DB증권,016610,10220,-30,-0.29,78355,801000000,9.16,433802000000
티앤엘,340570,27000,-200,-0.74,16609,449403000,13.23,433893000000
아이쓰리시스템,214430,59100,300,0.51,7412,437883000,4.35,431856000000
페니트리움바이오,187660,6740,-1060,-13.59,1995319,14706555000,0.66,431132000000
NH투자증권우,005945,22750,-50,-0.22,31953,724000000,6.48,429314000000
아주IB투자,027360,3495,165,4.95,2050985,7094663000,8.06,423403000000
SOOP,067160,36800,-250,-0.67,23979,880805000,28.18,423007000000
뉴로메카,348340,17850,-10,-0.06,145098,2587685000,4.7,417840000000
농심홀딩스,072710,90200,-1100,-1.2,1765,159000000,4.23,418328000000
마이크로컨텍솔,098120,50900,-100,-0.2,127525,6383176000,17.1,423119000000
엑시콘,092870,32000,1500,4.92,178152,5629841000,4.79,417625000000
위메이드맥스,101730,4960,-40,-0.8,756692,3749299000,9.14,415664000000
글로벌텍스프리,204620,5890,180,3.15,893213,5281047000,20.32,413968000000
우리기술투자,041190,5180,-430,-7.66,2219775,11544925000,0,413364000000
한전산업,130660,12670,-330,-2.54,202514,2571000000,2.24,413042000000
유니드,014830,61000,-500,-0.81,8212,502000000,12.1,412823000000
유진투자증권,001200,4255,-45,-1.05,243701,1033000000,11.7,412166000000
명신산업,009900,7850,-80,-1.01,80286,631000000,5.72,411890000000
쏘카,403550,10840,150,1.4,22336,240000000,0.3,411268000000
컴투스,078340,33850,-400,-1.17,64540,2175495000,13.17,409290000000
디어유,376300,17240,-760,-4.22,58334,1018201000,3.39,409250000000
파이버프로,368770,12450,560,4.71,222451,2787724000,3.01,409035000000
원익머트리얼즈,104830,32300,1650,5.38,54253,1723491000,16.86,407238000000
한컴,030520,16870,-730,-4.15,139487,2368936000,5.09,407912000000
앱클론,174900,20400,-300,-1.45,45803,926125000,7.56,407023000000
신대양제지,016590,10100,40,0.4,2050,20000000,1.92,407007000000
이녹스첨단소재,272290,20400,200,0.99,40442,820928000,10,406725000000
세아제강,306200,143400,-3500,-2.38,14176,2052000000,4.57,406725000000
브이티,018290,11640,140,1.22,110323,1285566000,6.24,406722000000
KPX홀딩스,092230,96200,-1800,-1.84,1534,148000000,28.48,406410000000
일진하이솔루스,271940,11150,130,1.18,19068,212000000,3.3,404892000000
서울바이오시스,092190,8780,780,9.75,253774,2130215000,2.6,402724000000
코스모화학,005420,10460,-100,-0.95,71465,751000000,4.78,401750000000
하이록코리아,013030,34100,450,1.34,34895,1186309000,29.14,401293000000
뉴파워프라즈마,144960,9170,350,3.97,539551,4908838000,7.02,400661000000
코람코라이프인프라리츠,357120,4120,20,0.49,41276,168000000,1.54,401021000000
한라캐스트,125490,10950,-370,-3.27,1048155,11631197000,1.95,399700000000
자이에스앤디,317400,10270,-870,-7.81,846788,8853000000,5.92,398296000000
삼영무역,002810,21550,200,0.94,36117,774000000,20.37,397962000000
INVENI,015360,14510,-250,-1.69,25194,366000000,4.98,395397000000
현대차3우B,005389,169500,-2700,-1.57,11304,1918000000,8.93,394503000000
국일제지,078130,3490,100,2.95,69655,237974000,0,393464000000
스카이랩스,386380,20950,150,0.72,3421591,73420332000,0.44,393063000000
한중엔시에스,107640,43200,1300,3.1,204812,8859623000,1.05,391605000000
KCC글라스,344820,24450,-100,-0.41,4652,113000000,4.94,390479000000
네오위즈,095660,17960,-300,-1.64,24538,440839000,21.41,388590000000
PS일렉트로닉스,332570,8450,50,0.6,6130238,54153275000,0.13,388198000000
메카로,241770,38000,-750,-1.94,12105,459723000,3.26,387320000000
부광약품,003000,3915,70,1.82,180222,699000000,7.14,386272000000
제주은행,006220,10080,170,1.72,260844,2611000000,0.79,381009000000
파인엠텍,441270,8920,-310,-3.36,748041,6668596000,2.92,376467000000
마키나락스,477850,21150,-150,-0.7,333491,6982217000,0,375512000000
신도리코,029530,38550,-750,-1.91,3580,138000000,11.24,374541000000
카페24,042000,15460,-300,-1.9,32765,506424000,18.68,373794000000
아세아시멘트,183190,10380,0,0,23130,238000000,4.44,373454000000
제이에스코퍼레이션,194370,12800,-370,-2.81,43210,553000000,3.27,371414000000
율촌화학,008730,14960,-240,-1.58,23809,357000000,5.63,371008000000
KISCO홀딩스,001940,26150,-300,-1.13,3653,95000000,7.83,370712000000
제주항공,089590,4590,-110,-2.34,161358,741000000,2.91,370142000000
토모큐브,475960,27400,550,2.05,31617,842560000,1.8,369247000000
현대퓨처넷,126560,3365,5,0.15,46208,154000000,0.73,367461000000
켐트로닉스,089010,21850,0,0,38740,840453000,7.42,366425000000
신세계인터내셔날,031430,10440,-60,-0.57,58137,608000000,6.82,365253000000
코스모로보틱스,439960,11130,-180,-1.59,324184,3617150000,0,361175000000
BGF,027410,3775,30,0.8,39478,147000000,5.47,361330000000
노타,486990,16850,50,0.3,44743,747692000,0.54,360462000000
나이스정보통신,036800,7900,-50,-0.63,61231,477337000,28.52,359450000000
프레스티지바이오파마,950210,5980,20,0.34,36762,215000000,63.53,359375000000
에이스침대,003800,32400,0,0,548,17714000,1.81,359316000000
프로티나,468530,32350,3700,12.91,164622,5153605000,2.89,359251000000
메가스터디교육,215200,34650,-100,-0.29,23737,820209000,26.22,359154000000
넥스틸,092790,13800,-220,-1.57,319384,4489000000,1.37,358827000000
유니슨,018000,1226,7,0.57,1354235,1675401000,1.56,357884000000
한세실업,105630,8930,-60,-0.67,14428,129000000,5.79,357200000000
슈프리마,236200,51100,200,0.39,28262,1433343000,29.62,356387000000
보성파워텍,006910,7190,-50,-0.69,422854,3031608000,3.86,353243000000
국도화학,007690,38100,-150,-0.39,12008,457000000,19.85,352837000000
LS증권,078020,6350,-180,-2.76,61346,391721000,2.48,352305000000
HL홀딩스,060980,39300,-450,-1.13,7731,303000000,12.65,351984000000
삼성SDI우,006405,217500,0,0,2979,647000000,16.78,351892000000
현대코퍼레이션,011760,26600,-200,-0.75,14841,397000000,10.46,351890000000
동화기업,025900,6950,-110,-1.56,25266,176097000,50.59,351373000000
네오팜,092730,21900,250,1.15,29487,644554000,27.34,351012000000
시노펙스,025320,3795,-15,-0.39,218459,830087000,0.46,349977000000
한섬,020000,16200,230,1.44,121052,1959000000,24.08,347927000000
삼립,005610,40300,-900,-2.18,893,35000000,2.01,347749000000
동아에스티,170900,35700,-300,-0.83,3977,140000000,19.24,347285000000
삼양바이오팜,0120G0,46550,-1500,-3.12,27552,1285000000,3.27,346139000000
한솔아이원스,114810,12310,230,1.9,113236,1377444000,4.89,346442000000
웹젠,069080,11150,-120,-1.06,31381,348119000,29.57,345277000000
한국철강,104700,9450,-60,-0.63,12509,117000000,5.44,344452000000
엘티씨,170920,32300,-200,-0.62,237084,7565403000,3.84,341221000000
메디포스트,078160,8670,-30,-0.34,30551,261586000,2.32,339903000000
디케이티,290550,16940,-250,-1.45,330216,5715598000,7.45,338820000000
감성코퍼레이션,036620,3750,0,0,186130,693998000,14.97,336986000000
한국화장품제조,003350,14820,10,0.07,2335668,35533000000,1.82,335821000000
다날,064260,4445,-505,-10.2,2457772,11020117000,3.12,336244000000
삼성물산우B,02826K,229000,4000,1.78,1596,357000000,24.49,336078000000
일진홀딩스,015860,6790,20,0.3,81525,551000000,8.7,335069000000
엠케이전자,033160,13640,940,7.4,795189,10701906000,12.92,335053000000
풀무원,017810,8780,-140,-1.57,24202,212000000,1.01,334698000000
키다리스튜디오,020120,8980,20,0.22,161668,1466000000,6.49,332832000000
더블유씨피,393890,9810,-100,-1.01,100169,985420000,1.72,332001000000
골프존홀딩스,121440,7750,-100,-1.27,7802,60818000,6.83,331985000000
아세아제지,002310,8400,-110,-1.29,47109,394000000,4.86,331375000000
저스템,417840,14500,80,0.55,448157,6491509000,4.66,331606000000
엠씨넥스,097520,19010,290,1.55,32470,614000000,12.41,330802000000
신성이엔지,011930,16160,160,1,115436,1865000000,0,328147000000
동국홀딩스,001230,2110,5,0.24,1380131,2964000000,13.37,328121000000
큐로셀,372320,22050,0,0,15608,334844000,1.62,335758000000
DB,012030,1622,11,0.68,160832,255000000,5.14,326304000000
스틱인베스트먼트,026890,8400,60,0.72,17113,140000000,48.54,325675000000
인벤티지랩,389470,24400,-850,-3.37,82765,2002335000,11.71,324708000000
덴티움,145720,37550,250,0.67,11735,438000000,13.26,323827000000
콜마홀딩스,024720,9430,0,0,14759,139000000,23.01,323413000000
큐렉소,060280,7800,-170,-2.13,101837,794560000,5.3,321826000000
넥스틴,348210,30700,100,0.33,60948,1830582000,16.32,321644000000
이뮨온시아,424870,3520,5,0.14,5789121,22000471000,3.11,321735000000
현대약품,004310,10020,-100,-0.99,11972324,124022000000,0.67,320640000000
에이플러스에셋,244920,14150,520,3.82,10682,145000000,12.19,319898000000
사피엔반도체,452430,38700,2000,5.45,43851,1676640000,3.7,319484000000
두산2우B,000157,357500,7000,2,159,56000000,4.67,319261000000
티엠씨,217590,13240,280,2.16,5301855,71081000000,2.93,319007000000
JW홀딩스,096760,4280,0,0,83996,359000000,3.34,316398000000
에이디테크놀로지,200710,23500,350,1.51,39088,912790000,2.22,316357000000
HLB생명과학,067630,2600,5,0.19,76144,196832000,5.69,316984000000
우리로,046970,7230,120,1.69,8308112,61519098000,0.58,316854000000
코오롱,002020,24500,100,0.41,16397,399000000,13.76,316238000000
광동제약,009290,6350,-20,-0.31,54555,344000000,16.2,316228000000
오이솔루션,138080,25500,1850,7.82,989231,24898997000,3.29,315632000000
한국피아이엠,448900,51800,-2100,-3.9,63002,3299236000,2.37,314656000000
매커스,093520,26400,-450,-1.68,7123,191299000,32.77,314208000000
인피니트헬스케어,071200,12830,-120,-0.93,174975,2282247000,13.3,313006000000
제우스,079370,10080,0,0,102615,1023325000,7.32,312651000000
케이카,381970,6390,-90,-1.39,38167,244000000,7.81,311965000000
퍼시스,016800,27000,-100,-0.37,11,0,20.09,310500000000
엔젤로보틱스,455900,20150,-450,-2.18,27700,558255000,1.98,310168000000
남해화학,025860,6220,150,2.47,246257,1525000000,2.1,309002000000
수산인더스트리,126720,21600,0,0,12346,265000000,2.96,308577000000
유바이오로직스,206650,8390,-10,-0.12,69655,579951000,6.18,308351000000
비츠로넥스텍,488900,10590,180,1.73,99671,1052419000,0.27,306860000000
한국정보통신,025770,8160,-120,-1.45,18447,148625000,63.34,305545000000
신라젠,215600,2205,-75,-3.29,706460,1553350000,2.63,305510000000
SIMPAC,009160,4665,20,0.43,24374,112000000,1.22,304955000000
진에어,272450,5840,-120,-2.01,68951,400000000,1.34,304848000000
상신이디피,091580,22850,850,3.86,505022,11534068000,3.37,304549000000
한국자산신탁,123890,2475,-15,-0.6,109532,269000000,5.69,302875000000
LX하우시스,108670,33650,0,0,9929,330000000,14.91,301762000000
이엠티,232530,11780,80,0.68,958,10790000,16.45,301736000000
GRT,900290,3610,-35,-0.96,220720,786380000,67.65,301473000000
디아이티,110990,15870,400,2.59,25797,399858000,6.5,299943000000
TCC스틸,002710,11420,-390,-3.3,113499,1301000000,3.73,299360000000
아모텍,052710,15980,70,0.44,889830,14168938000,7.08,298519000000
퍼스텍,010820,6100,90,1.5,294919,1803000000,11.78,297508000000
한국토지신탁,034830,1178,-6,-0.51,136827,160000000,4.23,297432000000
애경산업,018250,11260,-120,-1.05,17238,193000000,1.59,297375000000
서연이화,200880,10980,-50,-0.45,16728,183000000,7.07,296772000000
툴젠,199800,33000,1700,5.43,46939,1480447000,1.98,296921000000
씨앤씨인터내셔널,352480,21700,0,0,13265,291513000,0.51,295768000000
이지홀딩스,035810,4570,0,0,169055,783040000,6.39,294838000000
에스티아이,039440,19010,200,1.06,36510,683095000,3.17,294788000000
한국알콜,017890,14220,240,1.72,17558,246795000,24.28,293977000000
넥센,005720,5590,-50,-0.89,15651,87000000,2.55,293720000000
일성아이에스,003120,22050,-50,-0.23,6715,147000000,0.36,293265000000
펨트론,168360,13050,370,2.92,71188,914150000,2.89,292222000000
KG케미칼,001390,4395,20,0.46,86053,375000000,11.87,291843000000
대원강업,000430,4695,-150,-3.1,121618,582000000,2.8,291090000000
대상홀딩스,084690,8030,10,0.12,20045,159000000,3.87,290786000000
이수화학,005950,11020,-240,-2.13,258847,2848000000,6.4,289761000000
아스플로,159010,21650,0,0,74890,1616077000,4.87,288697000000
우진,105840,14280,-460,-3.12,545036,7736000000,6.27,288422000000
한양증권,001750,19090,-210,-1.09,7132,136000000,10.21,288440000000
스맥,099440,4215,-100,-2.32,214937,910174000,3.45,287645000000
S-Oil우,010955,71500,1800,2.58,42146,3034000000,17.64,287567000000
인탑스,049070,18240,-280,-1.51,37567,685765000,7.13,287139000000
유나이티드제약,033270,18040,70,0.39,13257,237000000,8.89,287030000000
네패스아크,330860,23500,600,2.62,74394,1736313000,9.23,286325000000
인화정공,101930,6250,-160,-2.5,7883,49630000,0.9,285591000000
에스엠벡셀,010580,2560,-230,-8.24,897847,2371000000,0.47,284804000000
대한제강,084010,8280,-230,-2.7,26759,221000000,3.26,284596000000
폰드그룹,472850,4940,-40,-0.8,48552,241345000,1.02,284403000000
포스코스틸리온,058430,4725,0,0,84787,398000000,3.4,283500000000
휴메딕스,200670,25100,100,0.4,13778,344412000,6.54,281871000000
송원산업,004430,11720,0,0,60400,706000000,15.56,281280000000
휴온스글로벌,084110,22150,-50,-0.23,24741,549092000,7.07,280414000000
하림,136480,2645,-20,-0.75,231157,608882000,5.11,280924000000
AP시스템,265520,18620,540,2.99,31598,578318000,15.58,280246000000
유니셈,036200,9120,80,0.88,94674,854866000,16.95,279657000000
LB세미콘,061970,3985,85,2.18,126142,496758000,26.59,279280000000
TYM,002900,6730,-20,-0.3,115358,768000000,19.94,278622000000
티로보틱스,117730,12330,-370,-2.91,41286,512113000,1.78,278140000000
제이브이엠,054950,23000,-50,-0.22,9342,215657000,19.77,278067000000
삼양엔씨켐,482630,12690,520,4.27,94825,1186310000,2.98,277762000000
KG이니시스,035600,10000,-50,-0.5,38499,384738000,8.38,275544000000
한텍,098070,24700,550,2.28,97774,2431177000,4.56,274692000000
한라IMS,092460,16050,10,0.06,10236,165799000,0.86,274610000000
덕산테코피아,317330,13390,140,1.06,117897,1567192000,1.32,274181000000
에스비비테크,389500,41100,-150,-0.36,75820,3056365000,3.46,273868000000
한양디지텍,078350,17900,650,3.77,187289,3313376000,6.69,272874000000
아이마켓코리아,122900,8160,10,0.12,61977,506000000,3.89,272779000000
트리니티항공,091810,2665,-50,-1.84,46360,124000000,0.48,272112000000
롯데이노베이트,286940,17940,-150,-0.83,6235,111000000,1.7,271420000000
서울가스,017390,54800,-500,-0.9,3693,202000000,2.82,271260000000
삼양컴텍,484590,6580,-30,-0.45,80741,533018000,4.62,271164000000
일신방직,003200,11810,410,3.6,483198,5826000000,10.01,271157000000
드림시큐리티,203650,2665,-135,-4.82,2215845,5935279000,1.01,271042000000
에이팩트,200470,6180,30,0.49,196698,1210944000,2.93,270829000000
에코아이,448280,9080,-220,-2.37,6036,54965000,0.44,269050000000
아이씨티케이,456010,18530,70,0.38,662605,12232775000,1.16,268728000000
아이티켐,309710,21000,0,0,0,0,0,268443000000
진성티이씨,036890,12180,-10,-0.08,34678,420394000,14.9,268357000000
KG에코솔루션,151860,5610,-50,-0.88,629553,3499475000,2.72,267052000000
한스바이오메드,042520,18630,-270,-1.43,100305,1877026000,6.14,265689000000
엔케이젠바이오텍코리아,182400,3670,0,0,0,0,0,265496000000
광주신세계,037710,34700,-350,-1,15103,523000000,3.97,264662000000
파트론,091700,5280,-50,-0.94,113993,601303000,25.25,264000000000
화신,010690,7500,0,0,69188,516000000,1.13,261903000000
제테마,216080,7020,-170,-2.36,137346,967400000,2.66,261755000000
메가터치,446540,9000,340,3.93,676900,6142540000,36.6,261711000000
CJ프레시웨이,051500,22000,-700,-3.08,9393,206081000,18.4,261174000000
바텍,043150,17570,10,0.06,14785,259041000,21.81,260989000000
매일유업,267980,34000,-350,-1.02,945,32172000,14.05,260563000000
에이블씨엔씨,078520,10000,20,0.2,40472,402000000,9.61,260141000000
리파인,377450,15000,750,5.26,68893,1023235000,3.63,259950000000
마녀공장,439090,15850,-550,-3.35,122756,1960887000,2.59,259833000000
헥토파이낸셜,234340,18570,-3430,-15.59,974184,18486758000,1.37,259435000000
세방,004360,13500,-140,-1.03,11892,160000000,12.86,258060000000
KH바텍,060720,10870,30,0.28,85610,926716000,7.71,257373000000
사조대림,003960,28050,-600,-2.09,2896,81000000,1.57,257063000000
비덴트,121800,3320,0,0,0,0,1.54,256309000000
한국공항,005430,80100,2200,2.82,2923,232000000,13,253625000000
필에너지,378340,11710,250,2.18,27079,313536000,1.6,253449000000
큐에이드,377460,4080,0,0,0,0,0.02,253187000000
이지스밸류플러스리츠,334890,3640,-65,-1.75,58631,213000000,2.26,252793000000
싸이맥스,160980,23100,1350,6.21,93809,2100205000,7.48,252350000000
아스트,067390,5990,170,2.92,60690,360792000,0,252273000000
삼미금속,012210,10900,-740,-6.36,928169,10434387000,0.48,251262000000
대한제당,001790,2910,15,0.52,200394,580000000,0,250963000000
채비,0011T0,5340,-40,-0.74,235177,1271072000,2.67,250710000000
한미글로벌,053690,22850,-200,-0.87,151413,3462000000,2.62,250380000000
유진기업,023410,3235,30,0.94,94990,305925000,4.56,250100000000
지노믹트리,228760,10050,-80,-0.79,49481,495199000,2.7,249834000000
한선엔지니어링,452280,12950,2260,21.14,6469534,81325238000,3.22,249257000000
에스바이오메딕스,304360,20100,-550,-2.66,20939,421088000,2.02,248941000000
KB스타리츠,432320,1650,39,2.42,498492,818000000,2.42,248761000000
인투셀,287840,16450,10,0.06,33247,538150000,5.03,247111000000
삼영전자,005680,12330,80,0.65,106449,1351000000,39.97,246600000000
아이스크림미디어,461300,18460,-640,-3.35,38042,710030000,7.23,246144000000
삼진제약,005500,18470,80,0.44,22279,408000000,3.76,246020000000
쿠콘,294570,24250,-4900,-16.81,233659,5846912000,1.87,244724000000
디지털대성,068930,8840,0,0,18513,162148000,3.69,244650000000
선진,136490,10280,-200,-1.91,34129,350000000,7.73,244454000000
에어부산,298690,1500,-9,-0.6,100935,151000000,0.86,244372000000
유니테스트,086390,11550,930,8.76,179263,2016096000,9.3,244099000000
HEM파마,376270,33800,200,0.6,5256,178322000,0.64,244007000000
사조산업,007160,48750,-1650,-3.27,2336,114000000,1.18,243750000000
남양유업,003920,42950,-200,-0.46,2184,93000000,6.72,243674000000
KBI메탈,024840,5600,240,4.48,1967503,11041661000,1.32,242430000000
KPX케미칼,025000,55300,400,0.73,3944,216000000,29.74,242142000000
세보엠이씨,011560,24000,200,0.84,23145,555382000,12.6,242036000000
넥스트바이오메디컬,389650,29200,-950,-3.15,13192,385274000,2.19,241696000000
LIG아큐버,073490,31700,2100,7.09,110020,3436631000,7.47,241041000000
동아지질,028100,21350,2660,14.23,566748,11738000000,6.92,239592000000
코스맥스비티아이,044820,25100,1150,4.8,78183,1960000000,5.68,241058000000
휴온스,243070,20100,-50,-0.25,15531,310797000,16.1,240791000000
케이티알파,036030,4905,90,1.87,42784,207491000,1.11,240438000000
다올투자증권,030210,3935,-55,-1.38,148048,581000000,4.79,239685000000
바이오니아,064550,9230,-630,-6.39,363877,3394805000,4.93,238228000000
상아프론테크,089980,14890,110,0.74,6372,94654000,4.73,238076000000
아이엠바이오로직스,493280,16000,-300,-1.84,65237,1032294000,3.69,237384000000
케이프,064820,7690,-100,-1.28,28522,219432000,2.35,237315000000
서흥,008490,20300,150,0.74,15117,304000000,6,234852000000
셀바스AI,108860,8690,-140,-1.59,104363,903465000,1.38,233889000000
BYC,001460,37400,350,0.94,1484,54000000,4.92,233606000000
제이알글로벌리츠,348950,1182,0,0,0,0,13,233298000000
대명에너지,389260,13010,20,0.15,60106,783595000,0.9,233091000000
흥국화재,000540,3625,10,0.28,39211,140000000,1.34,232879000000
서호전기,065710,45200,-300,-0.66,5584,252586000,2.15,232780000000
베뉴지,019010,4820,-60,-1.23,268616,1285271000,0.59,232324000000
코오롱글로벌,003070,9120,-80,-0.87,5709,52000000,0.89,231866000000
DXVX,180400,2350,-15,-0.63,14521,34099000,4.94,231309000000
슈어소프트테크,298830,4325,25,0.58,102394,440320000,4.69,231208000000
비츠로테크,042370,8820,340,4.01,246003,2168111000,7.84,231084000000
신한서부티엔디리츠,404990,3745,-20,-0.53,18710,70000000,0.72,230796000000
LS네트웍스,000680,2925,0,0,72951,214000000,0.87,230498000000
나무가,190510,16360,1390,9.29,433527,7197157000,4.85,230435000000
피에이치에이,043370,10960,-40,-0.36,11623,126559000,14.98,230160000000
미원화학,134380,10430,-10,-0.1,3046,31000000,0.52,229383000000
대아티아이,045390,3240,-15,-0.46,343779,1121822000,5.9,228333000000
잇츠한불,226320,10440,10,0.1,14891,155000000,1.22,228942000000
KSS해운,044450,10140,180,1.81,90422,920000000,7.68,228936000000
콜마비앤에이치,200130,7920,-70,-0.88,41395,326954000,3.11,227902000000
뷰웍스,100120,25400,550,2.21,7797,196215000,30.12,227873000000
삼부토건,001470,5820,0,0,0,0,0,227794000000
대동,000490,7900,-30,-0.38,81859,645000000,3.34,227732000000
강원에너지,114190,8690,-20,-0.23,36810,319258000,1.17,227009000000
미창석유,003650,130100,-900,-0.69,616,80000000,30.33,226331000000
한진,002320,14510,-40,-0.27,17394,251000000,5.08,225175000000
LG생활건강우,051905,107300,200,0.19,7737,832000000,43.89,224928000000
경방,000050,8190,10,0.12,17597,142000000,2.74,224531000000
골프존,215000,35750,200,0.56,8491,299936000,16.28,224346000000
대신밸류리츠,0030R0,3750,-75,-1.96,16997,64000000,0.18,224175000000
지씨셀,144510,14170,150,1.07,16804,232704000,3.33,223890000000
모토닉,009680,10210,-80,-0.78,16457,166000000,11.25,221894000000
알멕,354320,34750,-3950,-10.21,175619,6220113000,5.48,222100000000
PKC,001340,4915,0,0,62588,305000000,1.53,221313000000
에스엔시스,0008Z0,23450,-300,-1.26,11339,266055000,8.35,221287000000
한국캐피탈,023760,1402,-25,-1.75,77414,108985000,0.76,221242000000
SBS,034120,11920,20,0.17,2403,28000000,0,221130000000
범한퓨얼셀,382900,25150,50,0.2,209136,5316713000,2.83,220339000000
칩스앤미디어,094360,10290,-210,-2,29200,300797000,1.98,219745000000
휴스틸,005010,3905,-10,-0.26,181484,705000000,1.94,219414000000
덕양에너젠,0001A0,8600,20,0.23,56109,489226000,1.5,219033000000
클리오,237880,12100,-210,-1.71,33655,409584000,2.58,218663000000
신흥에스이씨,243840,5660,40,0.71,97953,550459000,6.41,218239000000
티이엠씨,425040,9950,810,8.86,673917,6627072000,5.4,218132000000
JTC,950170,4470,170,3.95,3663,15572000,17.23,218015000000
에이직랜드,445090,19890,40,0.2,9826,195328000,1.05,217311000000
삼영,003720,6380,190,3.07,119018,751000000,4.64,216920000000
무학,033920,7610,-40,-0.52,18562,141000000,2.34,216885000000
삼목에스폼,018310,14740,390,2.72,19670,287950000,1.8,216678000000
노루홀딩스,000320,16270,40,0.25,1514,24000000,3.05,216247000000
HLB제약,047920,6580,-120,-1.79,77033,505799000,0,215819000000
엘브이엠씨홀딩스,900140,1116,-7,-0.62,284580,316000000,11.47,215656000000
신세계 I&C,035510,15410,80,0.52,91827,1410000000,3.45,215445000000
미래반도체,254490,14910,60,0.4,19100,282750000,3.35,215270000000
신성에스티,416180,23800,-400,-1.65,9511,227467000,1.41,215146000000
SK우,03473K,380000,-5000,-1.3,648,245000000,9.22,215131000000
에이유브랜즈,481070,14950,-210,-1.39,21482,317483000,2.25,214237000000
GS글로벌,001250,2595,-10,-0.38,256791,663000000,4.98,214175000000
심텍홀딩스,036710,4050,150,3.85,81810,325090000,24.31,213952000000
더본코리아,475560,14390,-330,-2.24,18585,269000000,0.49,213374000000
한국정보인증,053300,5400,-100,-1.82,971192,5293156000,1.22,213651000000
디아이씨,092200,5480,30,0.55,123370,666000000,1.35,213109000000
DS단석,017860,12000,-160,-1.32,47178,564000000,2.37,211843000000
백산,035150,10670,90,0.85,5712,60000000,5.93,210957000000
오픈엣지테크놀로지,394280,8000,20,0.25,49946,395963000,3.13,210772000000
씨메스로보틱스,475400,17850,-810,-4.34,57283,1028123000,1.87,210753000000
케이엔알시스템,199430,18790,-780,-3.99,232814,4407691000,1.51,210392000000
아리바이오홀딩스,290690,3970,-125,-3.05,652786,2582051000,0.61,210699000000
DSC인베스트먼트,241520,7890,80,1.02,114526,892965000,7.49,209874000000
대원산업,005710,10470,-30,-0.29,9896,104594000,15.36,209793000000
흥구석유,024060,13970,-1010,-6.74,2685769,39055569000,0,209550000000
대화제약,067080,11250,-40,-0.35,83143,938488000,0.59,209437000000
나우로보틱스,459510,16130,-150,-0.92,82411,1334646000,1.01,209341000000
이노스페이스,462350,6100,200,3.39,108815,662055000,2.91,206677000000
옵티코어,380540,8450,0,0,0,0,0.22,206658000000
효성화학,298000,54500,-500,-0.91,23111,1276000000,2.13,206653000000
코메론,049430,22800,400,1.79,41633,947604000,22.49,206294000000
바이넥스,053030,6310,-70,-1.1,47441,299861000,7.24,206237000000
CR홀딩스,000480,4395,0,0,51699,223000000,0.9,206083000000
큐라클,365270,9290,-70,-0.75,25374,233174000,1.84,205838000000
금화피에스시,036190,34250,300,0.88,2049,69323000,23.27,205500000000
이리츠코크렙,088260,3230,-15,-0.46,89089,287000000,2.9,204593000000
티씨머티리얼즈,125020,5830,50,0.87,432788,2553209000,1.66,204274000000
오리엔탈정공,014940,4480,-25,-0.55,90338,403970000,4.42,204170000000
계룡건설,013580,22850,100,0.44,33449,767000000,9.97,204071000000
한농화성,011500,13050,10,0.08,25141,326000000,4.11,204063000000
이지바이오,353810,6160,140,2.33,102785,631104000,5.45,203784000000
바디텍메드,206640,9300,-130,-1.38,25224,235686000,3.42,203743000000
미래나노텍,095500,6560,-60,-0.91,34109,223754000,2.65,203425000000
세나테크놀로지,061090,37200,300,0.81,7317,270775000,1.94,203392000000
케이엔제이,272110,25250,-150,-0.59,48720,1232226000,5.43,202641000000
강스템바이오텍,217730,2145,0,0,131497,284189000,2.13,201746000000
갤럭시아머니트리,094480,5140,-450,-8.05,481119,2503321000,1.84,201641000000
우주일렉트로,065680,21800,-100,-0.46,3644,78796000,10.23,201442000000
와이씨켐,112290,9960,280,2.89,31144,303098000,2.94,201402000000
바이오플러스,099430,3260,55,1.72,115777,376772000,3.23,200948000000
LG우,003555,66700,-400,-0.6,5822,385000000,37.34,200846000000
디앤디플랫폼리츠,377190,2265,30,1.34,183429,411000000,3.11,200226000000
도우인시스,484120,18260,-430,-2.3,12954,236094000,0.47,200082000000
YG PLUS,037270,3140,-25,-0.79,66530,208000000,5.02,199902000000
바이오다인,314930,6710,-240,-3.45,17033,115647000,4.29,199717000000
동국산업,005160,3675,600,19.51,13483891,48524395000,1.62,199348000000
천일고속,000650,139100,-900,-0.64,529,74000000,0.58,198804000000
코칩,126730,22600,1050,4.87,1972761,45192833000,0.55,198204000000
성신양회,004980,8080,-50,-0.62,26603,214000000,4.4,198089000000
진양홀딩스,100250,3095,-15,-0.48,26544,81000000,1.88,197770000000
대성에너지,117580,7190,-40,-0.55,118243,849000000,0.82,197725000000
제닉,123330,24750,200,0.81,84593,2083554000,4.11,197224000000
엠로,058970,15950,-400,-2.45,16996,271463000,2.37,197186000000
아이엘,307180,5330,40,0.76,114592,604761000,0.88,196760000000
JW신약,067290,3505,-175,-4.76,7042417,25180637000,1.2,196410000000
에프앤가이드,064850,17200,360,2.14,15815,272316000,9.78,196257000000
네오위즈홀딩스,042420,24000,-150,-0.62,8971,214703000,4.04,195414000000
BGF에코머티리얼즈,126600,3110,85,2.81,19560,59064000,0.85,195205000000
HDC랩스,039570,7510,-30,-0.4,9673,72000000,4.28,194941000000
피아이이,452450,5430,390,7.74,599310,3241776000,1.43,195634000000
아스테라시스,450950,5180,-80,-1.52,8365,42914000,1.11,194910000000
HB테크놀러지,078150,2040,0,0,554132,1125238000,1.17,193640000000
한국비엔씨,256840,2830,5,0.18,971812,2754927000,3.72,193557000000
종근당홀딩스,001630,38500,-50,-0.13,2585,99000000,3.17,192879000000
교촌에프앤비,339770,3860,15,0.39,16558,63000000,1.98,192865000000
동부건설,005960,8400,370,4.61,171320,1448000000,8.15,192751000000
영진약품,003520,1053,13,1.25,221008,231000000,2.68,192586000000
한국유니온제약,080720,2410,0,0,0,0,0.06,192441000000
HLB테라퓨틱스,115450,2030,34,1.7,111113,221508000,3.49,192207000000
코텍,052330,10800,-130,-1.19,15054,163770000,12.31,191825000000
동원개발,013120,2110,-40,-1.86,83111,175222000,2.82,191605000000
해성산업,034810,6060,80,1.34,15307,89851000,1.51,191375000000
오르비텍,046120,5650,-50,-0.88,742077,4220695000,3.25,191283000000
현대비앤지스틸,004560,12660,210,1.69,44773,560000000,4.42,190897000000
KZ정밀,036560,12120,10,0.08,2314,27999000,4.23,190890000000
스카이라이프,053210,4015,-20,-0.5,35282,142000000,6.15,190804000000
대한제분,001130,11270,-210,-1.83,11763,133000000,7.41,190463000000
지투파워,388050,10170,-290,-2.77,401261,4105611000,1.01,190274000000
그래피,318060,17000,90,0.53,37461,629595000,3.27,190182000000
티엑스알로보틱스,484810,12280,-320,-2.54,98792,1222117000,1.12,189737000000
솔트룩스,304100,15000,-430,-2.79,50669,760520000,1.81,188907000000
국보디자인,066620,25150,150,0.6,4587,114847000,13.71,188625000000
대신증권2우B,003547,19550,0,0,6685,130000000,4.71,187810000000
슈피겐코리아,192440,30150,50,0.17,2897,87343000,12.03,187423000000
AJ네트웍스,095570,4140,-15,-0.36,61916,255000000,6.13,187346000000
현대사료,016790,994,0,0,0,0,2.38,187340000000
이연제약,102460,10070,110,1.1,22444,223000000,1.12,187169000000
환인제약,016580,10040,-150,-1.47,26920,269000000,12.78,186744000000
SP삼화,000390,6840,60,0.88,116727,813000000,20.78,186071000000
동성케미컬,102260,3660,-20,-0.54,73108,268000000,3.85,185450000000
에이스테크,088800,2450,565,29.97,1079950,2593744000,0,184990000000
대성산업,128820,4085,-95,-2.27,84213,348000000,2.94,184786000000
원익,032940,10160,490,5.07,4434277,45832845000,1.13,184842000000
SK시그넷,260870,8100,10,0.12,10061,81494000,0,184521000000
사람인,143240,17190,160,0.94,9889,169907000,23.14,184495000000
노바렉스,194700,10100,70,0.7,38383,385453000,6.47,184373000000
스트라드비젼,475040,3420,-65,-1.87,642832,2216923000,0.75,184082000000
코오롱생명과학,102940,14050,10,0.07,43830,612737000,2.53,183922000000
퓨쳐켐,220100,8200,-70,-0.85,65915,538759000,6.18,183904000000
대창단조,015230,6770,20,0.3,49877,338000000,8.92,183762000000
더즌,462860,2560,-580,-18.47,3709612,9869845000,0.29,183696000000
네오티스,085910,13290,470,3.67,70603,916424000,12.21,183333000000
아이티엠반도체,084850,8070,-20,-0.25,12374,98591000,2.61,183051000000
하이트진로홀딩스,000140,7870,-60,-0.76,8366,65000000,7.11,182637000000
탑코미디어,134580,3705,-210,-5.36,345537,1290680000,2.96,182634000000
더핑크퐁컴퍼니,403850,12700,150,1.2,55907,712703000,3.4,182257000000
방림,003610,5670,-90,-1.56,70930,400000000,0,182068000000
모두투어,080160,9590,-140,-1.44,64343,616842000,10.25,181251000000
SJG세종,033530,6660,60,0.91,26336,173000000,7.17,180168000000
한솔제지,213500,7510,40,0.54,27405,204000000,5.54,178742000000
HS효성,487570,47850,-900,-1.85,1865,88000000,5.08,178285000000
일진파워,094820,11790,-240,-2,62001,733993000,4.08,177777000000
지니언스,263860,19600,520,2.73,1423174,29403299000,25.34,177960000000
헥토이노베이션,214180,13670,-650,-4.54,69996,948312000,15.16,177619000000
대원제약,003220,7910,-90,-1.13,15519,122000000,13.17,177402000000
경농,002100,9070,0,0,20033,180000000,1,177069000000
와이솔,122990,6880,130,1.93,78193,533784000,10.39,176458000000
SAMG엔터,419530,17220,-200,-1.15,42233,724322000,4.48,175770000000
압타바이오,293780,6250,-40,-0.64,46453,286886000,1.48,175583000000
대양전기공업,108380,18350,-20,-0.11,18563,342458000,7.68,175560000000
지놈앤컴퍼니,314130,3355,-50,-1.47,293392,989024000,3.02,175464000000
데브시스터즈,194480,14400,-520,-3.49,92526,1330839000,2.57,175235000000
도화엔지니어링,002150,5180,50,0.97,22917,116000000,0.93,174669000000
우양피앤엘,002420,5600,200,3.7,2943,16000000,0.26,174540000000
에스오에스랩,464080,9680,-60,-0.62,34556,334161000,2.31,174371000000
서연,007860,7420,-10,-0.13,9520,70000000,6.4,174220000000
DH오토넥스,000300,4200,0,0,0,0,2.09,174035000000
아바코,083930,11840,210,1.81,22009,256146000,5.19,173778000000
JW생명과학,234080,10960,20,0.18,5886,64000000,14.45,173546000000
한세예스24홀딩스,016450,4335,-80,-1.81,12994,56000000,1.84,173400000000
아이디스,143160,16100,50,0.31,689,10998000,2.09,172533000000
사조씨푸드,014710,10020,-10,-0.1,2863,28000000,4.42,172529000000
이랜텍,054210,6820,-200,-2.85,104970,711256000,6.65,172486000000
이크레더블,092130,14320,-10,-0.07,3147,45004000,9.86,172464000000
바이오비쥬,489460,11650,220,1.92,66046,765670000,0.55,171875000000
비보존 제약,082800,2820,-55,-1.91,163308,466758000,1.33,171229000000
바이오솔루션,086820,6600,150,2.33,50609,328555000,2,171098000000
티쓰리,204610,3065,-115,-3.62,152906,471138000,3.65,170800000000
엘오티베큠,083310,9590,130,1.37,19832,188095000,7.98,170798000000
삼화전기,009470,25850,1300,5.3,111355,2856000000,25.81,170967000000
화승엔터프라이즈,241590,2815,15,0.54,17934,50000000,5.6,170558000000
이랜시스,264850,5620,-40,-0.71,248754,1392178000,1.03,170255000000
에브리봇,270660,13410,-130,-0.96,9908,132859000,0,170180000000
유수홀딩스,000700,6520,30,0.46,26442,174000000,22.17,169792000000
석경에이티,357550,31000,0,0,2629,80238000,1.3,169105000000
유화증권,003460,2980,-35,-1.16,60675,181000000,1.72,168973000000
씨피시스템,413630,4630,130,2.89,27238727,133694605000,1.66,168701000000
강남제비스코,000860,12950,320,2.53,3466,43000000,4.96,168350000000
듀켐바이오,176750,5880,-40,-0.68,13972,80559000,0.78,167513000000
비엠티,086670,16870,20,0.12,18151,303058000,3.25,167449000000
EDGC,245620,741,0,0,0,0,0.47,167118000000
레드캡투어,038390,9980,-20,-0.2,7759,77657000,6.99,166873000000
지누스,013890,7610,40,0.53,7242,54000000,7.58,166855000000
셀비온,308430,12920,-480,-3.58,9490,123977000,3.62,166735000000
제일일렉트릭,199820,7490,150,2.04,73719,547422000,3.9,166427000000
녹십자웰빙,234690,9260,-170,-1.8,128237,1185079000,1.52,166340000000
인터로조,119610,14530,130,0.9,10433,148881000,4.29,165841000000
에치에프알,230240,12490,1080,9.47,541451,6586086000,10.44,166229000000
유성티엔에스,024800,4695,-10,-0.21,25138,116819000,1.34,165383000000
아나패스,123860,13570,20,0.15,6123,82770000,4.22,164514000000
그린광학,0015G0,14010,80,0.57,24431,336573000,6.19,163952000000
큐알티,405100,13310,190,1.45,11151,148674000,4.39,163570000000
재영솔루텍,049630,7000,120,1.74,185327,1302815000,0,163555000000
아이텍,119830,6070,130,2.19,82277,498328000,1.93,161088000000
에스앤디,260970,56400,-300,-0.53,6219,347376000,4.71,163151000000
피델릭스,032580,4920,-10,-0.2,100506,494163000,36.45,163009000000
잉글우드랩,950140,8200,-20,-0.24,5472,44420000,11.39,162916000000
미래산업,025560,5870,-50,-0.84,200598,1179000000,9.79,163060000000
하이비젼시스템,126700,10890,90,0.83,21688,232586000,11.21,162719000000
모베이스전자,012860,2220,-15,-0.67,110507,245166000,4.25,162578000000
모트렉스,118990,6620,20,0.3,125227,826718000,2.53,162437000000
윤성에프앤씨,372170,20350,-100,-0.49,7243,145572000,1.24,162373000000
아로마티카,0015N0,12890,20,0.16,981047,12632032000,4.06,162116000000
삼익THK,004380,7830,210,2.76,15262,114000000,37.6,162081000000
SYTS,002170,54000,800,1.5,1395,74000000,3.86,162000000000
지앤비에스 에코,382800,5080,230,4.74,504034,2508661000,6.11,161701000000
GC메디아이,032620,3085,-5,-0.16,11266,34615000,2.09,161028000000
해태제과식품,101530,5530,-10,-0.18,25016,138000000,0.98,161016000000
동국씨엠,460850,5360,60,1.13,100586,532000000,21.59,160256000000
나이벡,138610,14060,-170,-1.19,15743,221356000,2.84,159831000000
버킷스튜디오,066410,1153,0,0,0,0,0.5,159637000000
코난테크놀로지,402030,12750,-400,-3.04,11983,153285000,0.71,159597000000
링크솔루션,474650,27700,-1000,-3.48,80369,2228749000,5.72,159365000000
코리아에프티,123410,5710,-10,-0.17,65684,376552000,44.11,158972000000
노루페인트,090350,7940,-60,-0.75,21859,173000000,5.45,158800000000
나노엔텍,039860,4165,55,1.34,116107,476963000,1.24,158657000000
아크릴,0007C0,19730,1380,7.52,591755,11820312000,3.48,158438000000
빅솔론,093190,8220,-50,-0.6,5446,44972000,9.52,158143000000
CJ제일제당 우,097955,119000,-100,-0.08,11772,1387000000,34.15,157964000000
대한약품,023910,26300,-200,-0.75,3017,79467000,20.24,157800000000
엠아이텍,179290,4875,-120,-2.4,47738,231808000,6.22,157782000000
DMS,068790,6990,180,2.64,13690,93974000,4.18,157765000000
넥써쓰,205500,1879,-79,-4.03,148211,280856000,1.64,157012000000
미래에셋증권우,006805,11640,210,1.84,18707,214000000,10.75,156606000000
유니퀘스트,077500,7250,-80,-1.09,88166,642000000,59.29,156600000000
일양약품,007570,8180,270,3.41,12697,101000000,5.4,156120000000
지씨지놈,340450,6600,540,8.91,657325,4288947000,3,156095000000
메가스터디,072870,13080,40,0.31,12631,165441000,18.89,155926000000
티케이케미칼,104480,1715,5,0.29,86099,147001000,4.16,155885000000
제이오,418550,4860,45,0.93,45241,218080000,1.89,155605000000
니어스랩,417030,26750,-1850,-6.47,461979,12381513000,5.92,154549000000
에이치엠넥스,036170,2525,130,5.43,456839,1150484000,3.61,154948000000
경동제약,011040,5040,0,0,17616,88348000,1.94,155074000000
아이디스홀딩스,054800,14970,0,0,2663,39500000,0.14,154905000000
케이알엠,093640,4715,75,1.62,17338,80931000,0,154858000000
CJ우,001045,68300,100,0.15,2275,154000000,13.49,154373000000
메디아나,041920,8300,120,1.47,34987,286422000,4.86,154365000000
아모레퍼시픽홀딩스3우C,00279K,21700,100,0.46,976,21000000,4.5,153900000000
코스맥스엔비티,222040,7460,340,4.78,93470,679913000,3.33,153884000000
삼일제약,000520,7090,80,1.14,55028,382000000,3.5,153794000000
아가방컴퍼니,013990,4675,-25,-0.53,27707,127047000,3.98,153749000000
푸른저축은행,007330,10190,-10,-0.1,6003,60786000,1.66,153693000000
NH올원리츠,400760,2795,0,0,139331,392000000,1.58,153527000000
지어소프트,051160,9920,-210,-2.07,23652,237036000,18.73,153506000000
카나프테라퓨틱스,0082N0,11520,-970,-7.77,379763,4340322000,2.71,153222000000
에스투더블유,488280,14130,-1210,-7.89,404598,5912225000,1.75,152964000000
폴라리스오피스,041020,3070,45,1.49,109753,332681000,3.15,152529000000
안트로젠,065660,15220,-10,-0.07,14535,217589000,4.14,152292000000
금호석유화학우,011785,50300,-100,-0.2,1086,55000000,19.5,152081000000
한국주철관,000970,6650,10,0.15,4622,30000000,2.5,151623000000
SV인베스트먼트,289080,2520,-15,-0.59,632080,1581943000,0.88,151548000000
새로닉스,042600,12170,-110,-0.9,4329,52409000,4.54,151194000000
대한화섬,003830,113800,-300,-0.26,255,28000000,0.46,151126000000
오로라,039830,14040,-330,-2.3,31999,450103000,6.81,151110000000
유비쿼스,264450,10300,190,1.88,53567,552426000,5.99,151054000000
매드업,0039P0,8030,-200,-2.43,837572,6745133000,1.5,151023000000
조선내화,462520,12720,-80,-0.62,4655,59000000,0.43,150797000000
알루코,001780,1557,7,0.45,153901,238000000,4.05,150764000000
한국석유,004090,11870,-440,-3.57,280815,3385000000,1.96,150679000000
KG파이낸셜,046440,4150,-10,-0.24,60132,244510000,4.78,150439000000
플리토,300080,9050,-40,-0.44,27756,251115000,10.06,149374000000
웅진,016880,1868,41,2.24,40380,73000000,5.72,149303000000
코스텍시스,355150,19080,-20,-0.1,45290,863056000,16.49,148773000000
삼양패키징,272550,9870,-20,-0.2,21023,204000000,2.56,148725000000
한컴위드,054920,5300,70,1.34,12584540,68206603000,1.29,149550000000
신라교역,004970,9260,40,0.43,2703,24000000,4.15,148160000000
아바텍,149950,10830,-150,-1.37,296255,3286681000,2.68,148021000000
쎌바이오텍,049960,15750,120,0.77,5606,86187000,4.21,148050000000
하나제약,293480,8320,10,0.12,13826,114000000,0,147870000000
이수앱지스,086890,3615,20,0.56,39702,141677000,1.67,147401000000
제일약품,271980,9990,-70,-0.7,21824,215000000,1.56,146901000000
라이콤,388790,4800,410,9.34,4521404,23003837000,1.09,146947000000
삼보판지,023600,9150,0,0,9349,85506000,4.06,146475000000
세경하이테크,148150,4120,-15,-0.36,47470,193916000,1.56,146436000000
롯데하이마트,071840,6200,20,0.32,17758,108000000,2.71,146367000000
아톤,158430,5970,-340,-5.39,9325156,55599053000,0.98,146158000000
KT나스미디어,089600,12750,-170,-1.32,24496,314298000,5.22,145433000000
앤로보틱스,138360,1653,0,0,347218,568362000,4.7,145420000000
인터플렉스,051370,6230,-40,-0.64,36492,225891000,6.99,145330000000
매일홀딩스,005990,10900,-70,-0.64,484,5257000,1.3,144951000000
유비쿼스홀딩스,078070,8480,-30,-0.35,16973,144420000,2.68,144658000000
한솔홀딩스,004150,3510,-35,-0.99,62992,219000000,5.26,144003000000
고스트스튜디오,950190,11040,1450,15.12,991923,11447426000,30.38,143708000000
우양에이치씨,101970,9690,-10,-0.1,16746,155421000,0.32,143315000000
솔본,035610,5220,190,3.78,59051,302506000,0.88,142746000000
이엘씨,041520,11700,10,0.09,5890,68631000,2.81,142608000000
엔솔바이오사이언스,140610,9900,-90,-0.9,4559,44799000,0,142326000000
동화약품,000020,5090,-60,-1.17,47202,238000000,3.21,142171000000
미원홀딩스,107590,61100,-100,-0.16,51,3000000,0.45,141752000000
금강철강,053260,7560,-230,-2.95,651444,5103693000,0.13,141523000000
이구산업,025820,4220,0,0,73666,311000000,4.23,141125000000
샘표,007540,49000,-1500,-2.97,32139,1608000000,3.87,140914000000
태경산업,015890,4810,50,1.05,14238,67000000,2.54,140590000000
한진중공업홀딩스,003480,4760,35,0.74,39000,184000000,2.68,140561000000
인포바인,115310,9470,-30,-0.32,2834,26448000,8.55,140454000000
엘케이켐,489500,21900,400,1.86,16164,352559000,2.33,139968000000
퀄리타스반도체,432720,9860,490,5.23,221591,2173759000,2.17,139889000000
켄코아에어로스페이스,274090,10140,220,2.22,54361,547923000,9.17,139670000000
텔레칩스,054450,9210,0,0,62857,579670000,1.69,139478000000
네오오토,212560,10310,-230,-2.18,157561,1620936000,1.67,139044000000
효성ITX,094280,11980,-50,-0.42,3526,42000000,1.15,138467000000
멀티캠퍼스,067280,23350,-100,-0.43,4293,98969000,4.13,138390000000
헬릭스미스,084990,3000,65,2.21,27950,81837000,3.94,138278000000
금호전기,001210,11090,290,2.69,4416101,49576000000,12.58,138176000000
에스텍,069510,12640,-420,-3.22,5426,70488000,57.83,137902000000
디바이스,187870,9940,140,1.43,27851,272217000,7.42,137795000000
아이패밀리에스씨,114840,8260,-140,-1.67,15387,127714000,4.54,137788000000
그래디언트,035080,12280,140,1.15,37380,449693000,3.37,137218000000
제룡산업,147830,6860,50,0.73,53232,363876000,4.64,137200000000
케이에스피,073010,3410,-90,-2.57,269471,916043000,2.52,137052000000
남선알미늄,008350,1060,2,0.19,542357,573000000,6.48,136823000000
이노테크,469610,15270,-350,-2.24,88967,1363177000,0.72,136558000000
디오,039840,10170,-390,-3.69,62209,625993000,14.65,136438000000
일진다이아,081000,9580,-90,-0.93,25470,241000000,4.52,136064000000
만호제강,001080,3870,240,6.61,106584,405000000,0.48,135894000000
티움바이오,321550,4510,-60,-1.31,78117,352799000,3.52,135473000000
에코앤드림,101360,7600,-230,-2.94,31496,240004000,2.19,135174000000
한신공영,004960,11630,-60,-0.51,10942,126000000,4.73,134567000000
코데즈컴바인,047770,3550,15,0.42,1338574,4869203000,1.89,134341000000
안국약품,001540,10300,210,2.08,10219,104297000,4.17,134336000000
라온시큐어,042510,12090,-870,-6.71,1808620,22557312000,1.1,134269000000
AP위성,211270,8900,360,4.22,72929,641545000,2.11,134232000000
엠디바이스,226590,12510,60,0.48,20284,253067000,2.71,134066000000
선광,003100,20300,0,0,4428,89422000,8.04,133980000000
화승인더,006060,2420,10,0.41,47012,112000000,5.15,133874000000
시너지이노베이션,048870,1518,13,0.86,72100,107256000,14.19,133746000000
윈스테크넷,136540,10880,-10,-0.09,11620,125059000,8.41,133603000000
디씨엠,024090,11700,10,0.09,788,9000000,5.35,133380000000
인선이엔티,060150,2910,-25,-0.85,11742,34298000,3.89,132590000000
제이엘케이,322510,5150,155,3.1,60279,301066000,1.47,132488000000
삼성제약,001360,1404,20,1.45,262426,365000000,3.1,132203000000
화신정공,126640,3765,60,1.62,445509,1648622000,0.89,131985000000
동성제약,002210,1366,0,0,48420,65000000,0.76,131982000000
디엔에프,092070,11400,40,0.35,6119,68812000,5.14,131919000000
모다이노칩,080420,1652,-2,-0.12,258,420000,0.07,131700000000
우진엔텍,457550,14130,-140,-0.98,26755,376694000,2.98,131676000000
서산,079650,6570,100,1.55,1325508,8680959000,0.53,131400000000
퓨릿,445180,7630,210,2.83,34013,252918000,7.2,131153000000
셀레믹스,331920,11690,-380,-3.15,50082,577304000,1.02,130712000000
신흥,004080,14040,-10,-0.07,990,13000000,2.14,130572000000
경인양행,012610,3130,65,2.12,56144,173000000,5.77,130259000000
알에스오토메이션,140670,10140,-210,-2.03,28472,287913000,5.52,130195000000
금강공업,014280,4435,-20,-0.45,64866,286000000,2.88,130075000000
제이아이테크,417500,3965,100,2.59,230372,906244000,5.76,129991000000
동양이엔피,079960,17200,-20,-0.12,9442,160788000,7.74,129888000000
아진엑스텍,059120,7080,10,0.14,270310,1904735000,1.88,129635000000
고려신용정보,049720,9050,40,0.44,12195,110349000,3.72,129415000000
와이엠티,251370,7180,60,0.84,41224,292293000,5.52,129334000000
쓰리빌리언,394800,4060,-160,-3.79,142942,580811000,12.21,129199000000
엘앤케이바이오,156100,5780,50,0.87,286020,1603331000,6.61,129189000000
씨에스베어링,297090,4725,-85,-1.77,89338,429524000,2.72,128850000000
액트로,290740,12800,-500,-3.76,56825,735073000,12.18,128832000000
경보제약,214390,5380,-60,-1.1,13863,74000000,2.22,128618000000
KCC건설,021320,6010,50,0.84,25491,150839000,2.95,128614000000
경동도시가스,267290,21750,-150,-0.68,2100,45000000,8.35,128225000000
팜스토리,027710,1150,1,0.09,112947,129203000,1.93,128129000000
마크로젠,038290,11790,40,0.34,9538,112045000,4.14,127820000000
제넥신,095700,2805,0,0,87670,242712000,3.7,127741000000
와이바이오로직스,338840,8280,-120,-1.43,38364,314352000,6.62,127543000000
조일알미늄,018470,5030,205,4.25,124050,614000000,0,127391000000
노바텍,285490,12040,-60,-0.5,14618,173612000,4.71,127333000000
국전,307750,2355,95,4.2,246927,573492000,1.24,127137000000
케이엔더블유,105330,7930,-10,-0.13,42851,335522000,1.41,127034000000
나인테크,267320,2210,0,0,155373,341314000,2.09,126887000000
코윈로보틱스,282880,10830,470,4.54,104611,1116120000,2.28,126646000000
신영와코루,005800,14040,570,4.23,7172,97000000,25.84,126360000000
씨앤지하이테크,264660,12970,130,1.01,9535,122167000,3.03,126083000000
에스피소프트,443670,5250,170,3.35,5723920,30376345000,1.48,126055000000
파마리서치바이오,217950,30100,150,0.5,371,11021000,0,125915000000
화승코퍼레이션,013520,2515,-25,-0.98,76771,191000000,7.04,125878000000
메쎄이상,408920,2910,-45,-1.52,17157,49535000,3.13,125806000000
코맥스,036690,2885,0,0,0,0,0.21,125692000000
미투온,201490,3840,885,29.95,1964607,7544085000,1.03,125659000000
HDC현대EP,089470,3925,-30,-0.76,26540,103000000,3.18,125207000000
신원,009270,1089,-21,-1.89,233524,257000000,2.52,124984000000
라온텍,418420,4060,120,3.05,125230,510487000,3.01,124944000000
파세코,037070,6220,40,0.65,38526,237933000,0.91,124400000000
HB솔루션,297890,1699,21,1.25,90397,151785000,1.43,124266000000
HT로보틱스,396300,4685,-70,-1.47,259069,1223536000,2.69,124103000000
아이앤씨,052860,6950,260,3.89,43430,298972000,2.34,124174000000
나노팀,417010,6140,30,0.49,77908,477362000,0.54,123860000000
텔코웨어,078000,13380,10,0.07,450,6000000,1.44,123632000000
컨텍,451760,7480,210,2.89,37719,278392000,4.47,123478000000
나라스페이스테크놀로지,478340,10650,240,2.31,33308,353490000,3.77,123221000000
어보브반도체,102120,6920,140,2.06,37973,260238000,4.93,123042000000
케이씨에스,115500,10240,-380,-3.58,516574,5452431000,0.45,122880000000
시지메드텍,056090,1190,0,0,0,0,2.38,122878000000
SG,255220,1119,-37,-3.2,839942,945213000,2.06,122601000000
이지스레지던스리츠,350520,3325,5,0.15,8680,28000000,1.68,122580000000
한독,002390,8900,-290,-3.16,11274,99000000,2.1,122495000000
디와이파워,210540,11090,-140,-1.25,42213,466000000,13.26,122452000000
신화프리텍,095190,1875,52,2.85,373741,712505000,1.09,122363000000
유니트론텍,142210,5890,70,1.2,49194,288969000,3.16,122225000000
엔알비,475230,11210,130,1.17,88323,982522000,5.82,122174000000
라온로보틱스,232680,9210,60,0.66,43457,398360000,3.79,122101000000
한빛레이저,452190,5090,290,6.04,2033409,10302109000,0.13,121755000000
메쥬,0088M0,12340,-160,-1.28,38457,474460000,3.82,121940000000
토니모리,214420,5060,-120,-2.32,54132,274000000,2.19,121717000000
LG헬로비전,037560,1570,-2,-0.13,60970,95000000,4.72,121591000000
바이젠셀,308080,5930,-290,-4.66,99614,592514000,2.13,121560000000
레메디,387690,15910,-370,-2.27,417082,6582314000,1.13,121326000000
KBI동양철관,008970,1170,-3,-0.26,356963,413000000,1.62,121407000000
켐트로스,220260,3785,35,0.93,19893,74771000,2.86,121392000000
루미르,474170,6800,150,2.26,33113,221428000,4.12,121160000000
KX,122450,2700,40,1.5,15752,41325000,2.26,121013000000
핑거,163730,9340,50,0.54,163932,1540647000,3.33,119231000000
현대바이오랜드,052260,4020,85,2.16,48389,192345000,2.86,120600000000
제일파마홀딩스,002620,7550,60,0.8,303,2000000,9.88,120598000000
톱텍,108230,3170,-25,-0.78,106513,339652000,2.11,120533000000
슈프리마에이치큐,094840,12250,-140,-1.13,10978,134146000,14.63,120124000000
엔에프씨,265740,6720,-40,-0.59,352383,2394491000,2.76,120043000000
비씨엔씨,146320,9350,670,7.72,21659,195194000,3.34,119660000000
킵스파마,256940,5940,-130,-2.14,27538,164170000,2.65,119264000000
KEC,092220,2970,220,8,2208227,6597000000,2.61,119253000000
KCTC,009070,3965,-10,-0.25,38094,150000000,6.86,118950000000
져스텍,153890,9870,-40,-0.4,120693,1194385000,1.56,118936000000
큐리오시스,494120,7790,-130,-1.64,87413,674066000,6.27,118873000000
현대코퍼레이션홀딩스,227840,13060,60,0.46,5671,73000000,4.78,118856000000
현대에버다임,041440,6640,0,0,17152,112806000,3.25,118468000000
쇼박스,086980,1895,-49,-2.52,68445,130042000,2.04,118320000000
엠에스씨,009780,6720,20,0.3,2296,15432000,2,118272000000
레이언스,228850,7120,10,0.14,11557,81584000,3.51,118128000000
극동유화,014530,3380,-45,-1.31,117048,396000000,3.68,117858000000
넵튠,217270,2580,-15,-0.58,48356,124660000,1.95,117788000000
제노코,361390,12070,260,2.2,11166,133365000,20.88,117518000000
세종텔레콤,036630,8390,-40,-0.47,2727,22808000,0.39,117460000000
나우IB,293580,1235,59,5.02,561897,689861000,2.22,117238000000
유아이엘,049520,3800,-15,-0.39,31032,118287000,6.24,117201000000
대동기어,008830,6090,-60,-0.98,143562,873206000,4.47,116817000000
와이투솔루션,011690,3175,40,1.28,38721,121000000,5.26,116518000000
액스비스,0011A0,12470,260,2.13,1872393,23976478000,1.08,116391000000
탑런토탈솔루션,336680,2970,5,0.17,13609,40143000,0.82,116262000000
플래스크,041590,2370,0,0,0,0,1.55,116064000000
나노솔루션,238540,103800,0,0,0,0,0,116011000000
인천도시가스,034590,26450,-150,-0.56,162,4000000,2.38,115712000000
강동씨앤엘,198440,1897,76,4.17,2418533,4570807000,0.22,115587000000
동방메디컬,240550,5520,-90,-1.6,26229,144430000,1.05,115555000000
코아스템켐온,166480,2185,90,4.3,32567,67828000,1.22,115521000000
현대리바트,079430,5740,0,0,7991,45000000,3.41,115455000000
토비스,051360,11970,-10,-0.08,13935,166353000,15.62,115410000000
노머스,473980,10600,-400,-3.64,20989,223563000,1.94,115357000000
오로스테크놀로지,322310,12270,170,1.4,49757,600860000,8.98,114927000000
DKME,015590,2155,75,3.61,120479,250000000,0,115069000000
중앙첨단소재,051980,1035,0,0,0,0,4.2,114979000000
엠플러스,259630,9390,180,1.95,74600,707094000,5.98,114768000000
우림피티에스,101170,8510,0,0,46313,395157000,3.3,114885000000
경동인베스트,012320,48500,0,0,16329,801000000,3.78,114703000000
넥사다이내믹스,351320,3860,-245,-5.97,533809,2131277000,4.02,114636000000
파워로직스,047310,3130,200,6.83,281697,869646000,5.53,114591000000
YTN,040300,2415,-220,-8.35,4354720,11607452000,0.32,115139000000
두올,016740,3980,25,0.63,51299,203000000,3.3,114122000000
DL이앤씨2우(전환),37550L,54000,-2100,-3.74,3017,165000000,4.41,114045000000
아리바이오랩,261780,3930,135,3.56,1225331,4821184000,0,113796000000
성우,458650,7560,-80,-1.05,5811,43718000,1.19,113745000000
NICE인프라,063570,3320,-70,-2.06,14730,49132000,2.6,113370000000
혜인,003010,8930,-100,-1.11,135622,1229000000,7.62,113524000000
테라뷰,950250,3180,-190,-5.64,1151534,3892490000,0,113516000000
그린리소스,402490,6700,340,5.35,105762,698959000,7.48,113465000000
일승,333430,3685,-60,-1.6,121730,447959000,0.75,113228000000
수산세보틱스,017550,1811,-1,-0.06,131869,236000000,2.34,113004000000
세명전기,017510,7410,90,1.23,57378,423607000,5.33,112972000000
사조동아원,008040,8000,320,4.17,5860,46000000,0,112915000000
현대이지웰,090850,5020,-50,-0.99,11056,55296000,16.67,112839000000
케이엔솔,053080,8680,-10,-0.12,21054,183031000,1.34,112838000000
그린케미칼,083420,4700,10,0.21,7319,34000000,1.94,112800000000
비아트론,141000,9290,100,1.09,24607,225130000,4.42,112545000000
디에스케이,109740,4375,65,1.51,8948,38242000,1,112482000000
하이텍팜,106190,10570,220,2.13,5547,56358000,46.32,112392000000
NH농우바이오,054050,7010,-40,-0.57,6809,47833000,2.25,112374000000
대성홀딩스,016710,6930,-100,-1.42,18684,129000000,2.89,111499000000
동남합성,023450,31800,400,1.27,1774,55000000,0.22,111300000000
상상인,038540,2010,42,2.13,10015,19609000,3.72,111209000000
동양,001520,1037,-11,-1.05,107066,111000000,3.04,111085000000
디와이,013570,4220,-5,-0.12,18367,76000000,3.9,111068000000
진로발효,018120,16680,20,0.12,269,4477000,0.54,110440000000
푸드나무,290720,2880,130,4.73,14150,38467000,0.4,109869000000
원익피앤이,217820,2315,-135,-5.51,615530,1450934000,2.77,109857000000
HS화성,002460,10820,50,0.46,5313,57000000,1.92,109823000000
다산네트웍스,039560,2570,245,10.54,988944,2547950000,6.41,110223000000
도이치모터스,067990,3760,0,0,19799,74175000,3.82,109722000000
STX,011810,3530,0,0,0,0,2.2,109493000000
와이엔텍,067900,6000,0,0,5441,32582000,3.84,109197000000
빛샘전자,072950,13560,2860,26.73,14538234,189759473000,0.4,109193000000
샌즈랩,411080,7140,240,3.48,10689168,82805946000,0.79,109010000000
한국경제TV,039340,4945,0,0,7451,36579000,1.26,108790000000
성도이엔지,037350,7140,-50,-0.7,51091,362964000,4.61,108599000000
SM C&C,048550,1118,23,2.1,152820,167263000,2.93,108126000000
GS우,078935,60700,-400,-0.65,5304,319000000,17.21,108026000000
티앤알바이오팹,246710,2265,15,0.67,66307,147264000,2.63,107960000000
NPC,004250,2940,15,0.51,32019,92000000,1.11,107956000000
태림포장,011280,1520,-6,-0.39,22669,34000000,0.97,107625000000
대창,012800,1180,-5,-0.42,155811,185000000,4.68,107545000000
씨이랩,189330,11440,30,0.26,122334,1391156000,2.21,107333000000
아이비김영,339950,2380,-20,-0.83,80885,192476000,1.99,106973000000
조선선재,120030,85000,900,1.07,95,7000000,0.98,106900000000
무림P&P,009580,1714,44,2.63,540970,941000000,1.83,106899000000
프레스티지바이오로직스,334970,1370,-158,-10.34,665946,921566000,41.53,106521000000
오늘이엔엠,192410,4215,-185,-4.2,181659,732557000,0,106158000000
세원정공,021820,10600,0,0,4206,44000000,3.33,106000000000
태양금속,004100,2885,30,1.05,180814,517000000,3.63,105879000000
우리손에프앤지,073560,1529,6,0.39,47854,73074000,4.07,105864000000
엠에스오토텍,123040,1690,15,0.9,39308,65780000,1.1,105841000000
세운메디칼,100700,2415,-20,-0.82,39501,95061000,2.75,105777000000
에이엘티,172670,11790,100,0.86,34120,398147000,7.74,105641000000
나무AX,242040,3040,-5,-0.16,141925,428705000,5.36,105203000000
한국제지,027970,2765,25,0.91,16128,43000000,0.59,105153000000
대정화금,120240,14650,-70,-0.48,7508,109262000,3.09,105339000000
하나기술,299030,13160,-180,-1.35,22967,301477000,1.04,105213000000
지오엘리먼트,311320,8340,380,4.77,38973,312061000,4.06,105205000000
에이럭스,475580,7720,20,0.26,286418,2246917000,1.1,105184000000
로체시스템즈,071280,6860,210,3.16,47251,320541000,47.14,104934000000
샘표식품,248170,22850,-300,-1.3,63140,1459000000,6.46,104385000000
신스틸,162300,2520,-135,-5.08,1195594,3086170000,1.2,104507000000
워트,396470,6480,-40,-0.61,61264,400201000,2.4,104457000000
한국무브넥스,010100,3410,0,0,40720,138000000,2.91,103835000000
서울옥션,063170,5840,-130,-2.18,35734,205188000,2.29,103801000000
한국화장품,123690,6460,-20,-0.31,107644,698000000,1.37,103799000000
삼보모터스,053700,3885,-25,-0.64,103010,399678000,0,103790000000
우리넷,115440,9620,910,10.45,8405194,83409819000,1.72,103841000000
태경비케이,014580,3750,-5,-0.13,18167,68000000,3.62,103436000000
큐브엔터,182360,6650,250,3.91,23035,151194000,3.37,103371000000
아이큐어,175250,1668,-59,-3.42,193315,324724000,1.51,102976000000
자람테크놀로지,389020,14900,-1340,-8.25,315820,4817566000,1.33,102885000000
삼익제약,014950,10180,-1510,-12.92,2840121,30140673000,0.75,102488000000
메타바이오메드,059210,3760,-60,-1.57,53331,198924000,5.22,102164000000
에이티넘인베스트,021080,2120,0,0,75286,158667000,8.79,101760000000
아모그린텍,125210,6130,550,9.86,2383502,15317210000,7.31,101125000000
애니플러스,310200,1944,-10,-0.51,44198,86177000,2.07,101404000000
나이스디앤비,130580,6570,120,1.86,28574,187629000,44.66,101178000000
박셀바이오,323990,4350,25,0.58,36997,160951000,5.53,101169000000
그리드위즈,453450,12720,150,1.19,7334,91829000,1.44,101031000000
HS애드,035000,6230,-90,-1.42,50650,319000000,17.52,100973000000
아시아나IDT,267850,9080,-50,-0.55,120325,1134000000,0.87,100788000000
KC코트렐,119650,918,0,0,0,0,0.12,100782000000
오상헬스케어,036220,7020,-190,-2.64,244639,1729515000,0.77,100452000000
삼익악기,002450,1109,1,0.09,78401,86000000,1.6,100398000000
삼성공조,006660,12400,-150,-1.2,167758,2112000000,1.25,100766000000
나인앤컴퍼니,366030,4430,160,3.75,60517,264938000,0.58,100356000000
리센스메디컬,394420,9100,-110,-1.19,45838,412224000,4.09,100097000000
크라운제과,264900,7980,-70,-0.87,6019,48000000,3,99940000000
진흥기업,002780,6870,0,0,46268,319000000,0,99939000000
이니텍,053350,4525,25,0.56,52391,233474000,1.9,99645000000
RF시스템즈,474610,6900,-10,-0.14,35429,249043000,8.17,99465000000
아스타,246720,6070,0,0,0,0,1.07,99434000000
위더스제약,330350,7530,-120,-1.57,134616,1017163000,0.68,99393000000
옵투스제약,131030,5630,-60,-1.05,9763,54617000,3.95,99350000000
동구바이오제약,006620,3490,-20,-0.57,21279,74161000,1.36,99342000000
동아엘텍,088130,5630,-50,-0.88,35224,200752000,10.72,98442000000
한국첨단소재,062970,3265,-95,-2.83,31341046,111412935000,0,98349000000
한울소재과학,091440,2700,15,0.56,158143,416036000,1.21,98253000000
까뮤이앤씨,013700,1642,-10,-0.61,120259,198000000,1.75,98110000000
세이브존I&C,067830,2390,10,0.42,26740,63000000,9.41,98087000000
스톰테크,352090,3650,50,1.39,27337,99249000,1.72,98086000000
LB인베스트먼트,309960,4210,-20,-0.47,21743,90819000,1.91,97744000000
웨이비스,289930,7430,0,0,104476,761276000,7.27,97697000000
더네이쳐홀딩스,298540,6740,0,0,15427,100930000,8.58,97638000000
한국수출포장,002200,2910,35,1.22,15535,44000000,2.46,97484000000
계양전기,012200,3580,50,1.42,102357,364000000,0,97457000000
씨씨에스,066790,2205,0,0,0,0,0.31,97355000000
모비스,250060,3025,45,1.51,57018,170882000,3.41,97318000000
티와이홀딩스,363280,2130,30,1.43,12907,27000000,1.18,96909000000
아남전자,008700,1255,12,0.97,122779,154000000,1.04,96791000000
지에프아이,493330,12020,-330,-2.67,44922,536516000,2.17,96634000000
다원시스,068240,2530,0,0,0,0,5.46,96553000000
SKAI,357880,1782,-2,-0.11,226109,406055000,0.86,96552000000
엑스페릭스,317770,2605,10,0.39,79232,203460000,1.48,96377000000
한일사료,005860,2445,-15,-0.61,319274,783244000,2.41,96342000000
팜스코,036580,2620,35,1.35,44859,115000000,0.88,96227000000
모나용평,070960,1998,60,3.1,20708,40000000,1.9,96170000000
코람코더원리츠,417310,2375,5,0.21,72986,173000000,4.84,95950000000
청담글로벌,362320,4590,120,2.68,38052,169718000,0,94980000000
황금에스티,032560,5580,0,0,8838,48000000,5.48,94860000000
로스웰,900260,2060,199,10.69,17259,32142000,57.61,94821000000
센서뷰,321370,1336,163,13.9,20474681,27575407000,3.57,94351000000
영보화학,014440,4705,-20,-0.42,6683,31000000,52.53,94100000000
오성첨단소재,052420,9650,-130,-1.33,33765,327875000,0,94010000000
대림제지,017650,10690,-90,-0.83,2273,24460000,3.51,93911000000
미래컴퍼니,049950,10640,210,2.01,20436,215321000,3.16,93822000000
링네트,042500,4205,-70,-1.64,95972,400428000,5.26,93734000000
NI스틸,008260,3275,-50,-1.5,47490,156000000,1.06,93665000000
기가레인,049080,10990,2530,29.91,2704506,28669678000,0,93286000000
에스와이,109610,1905,5,0.26,40718,76176000,2.3,93168000000
HL D&I,014790,2455,-20,-0.81,21115,52000000,2.85,92942000000
나노,187790,3010,15,0.5,47505,143006000,2.39,92830000000
벽산,007210,1416,7,0.5,64489,91000000,2.52,92549000000
메드팩토,235980,2700,-40,-1.46,99024,266557000,4.42,92542000000
피에스텍,002230,5020,75,1.52,35908,178543000,8.11,92473000000
AK홀딩스,006840,6960,-520,-6.95,25194,178000000,5.54,92203000000
컴퍼니케이,307930,5900,40,0.68,14251,83271000,1.11,92099000000
풍국주정,023900,7300,-70,-0.95,3591,26322000,1.62,91980000000
스모트로닉,066590,2375,-45,-1.86,62866,151493000,2.49,91860000000
이지케어텍,099750,6700,-130,-1.9,8556,57442000,1.1,91516000000
지아이에스,306620,1903,36,1.93,191078,358330000,2.01,91233000000
이스트소프트,047560,7760,-40,-0.51,31605,243102000,3.72,91203000000
정상제이엘에스,040420,5810,10,0.17,21797,126672000,4.53,91086000000
서원인텍,093920,4895,40,0.82,2739,13271000,3.62,91047000000
부국증권우,001275,30150,100,0.33,55,1000000,10.71,90450000000
아비코전자,036010,6800,240,3.66,72977,481870000,20.07,90391000000
에프엔에스테크,083500,10860,210,1.97,14018,150795000,16.01,90207000000
웹케시,053580,6960,-90,-1.28,20783,142266000,2.59,90162000000
삼아제약,009300,14130,100,0.71,707,9808000,2.82,90008000000
파워넷,037030,3500,140,4.17,974840,3472566000,7.48,89295000000
상상인증권,001290,4145,-70,-1.66,71499,292000000,0,89811000000
두산퓨얼셀1우,33626K,6720,10,0.15,25496,170000000,14.1,89807000000
인트론바이오,048530,2905,45,1.57,54318,156482000,2.48,89740000000
티에이치엔,019180,4980,-60,-1.19,39491,197000000,7.93,89640000000
금양그린파워,282720,7390,-130,-1.73,17627,129956000,1.14,89563000000
비투엔,307870,1205,-18,-1.47,418830,498817000,0.67,89530000000
삼기에너지솔루션즈,419050,1558,-41,-2.56,288654,455330000,1.54,89111000000
삼원강재,023000,2240,45,2.05,14809,32000000,0.74,89017000000
오파스넷,173130,6800,-100,-1.45,32044,218042000,4.93,88716000000
아진산업,013310,2285,20,0.88,110388,248482000,3.21,88673000000
크레버스,096240,8660,10,0.12,10442,89424000,2.8,88662000000
KTcs,058850,2135,0,0,77985,164000000,6.02,88398000000
에이치피오,357230,2135,95,4.66,7980,16343000,1.06,88161000000
아미노로직스,074430,1000,-70,-6.54,377271,379641000,2.15,88140000000
제너셈,217190,6700,380,6.01,121884,803704000,5.58,88130000000
KTis,058860,2530,25,1,19140,47000000,6.56,88049000000
와이제이링크,209640,3080,10,0.33,51762,158853000,4.66,87604000000
오스테오닉,226400,4225,155,3.81,60281,248935000,6.07,87295000000
코아시아,045970,3315,45,1.38,34075,111253000,5.32,87233000000
위드텍,348350,8910,10,0.11,10638,93299000,2.18,87082000000
엑세스바이오,950130,2470,20,0.82,28230,69239000,5.03,86879000000
엑셈,205100,1285,1,0.08,168812,217214000,6.2,86788000000
디앤씨미디어,263720,7080,-50,-0.7,7605,53246000,1.71,86698000000
이엠텍,091120,5060,120,2.43,28103,139227000,5.88,86692000000
야스,255440,6600,20,0.3,31827,207593000,5.44,86182000000
페스카로,0015S0,8720,-480,-5.22,678857,6219897000,2.17,86037000000
블루엠텍,439580,2545,275,12.11,972015,2423156000,3.21,86139000000
동방,004140,1788,18,1.02,51239,90000000,4.65,85773000000
로젠,033290,1525,1,0.07,7561,11592000,0,85638000000
동일산업,004890,35300,-150,-0.42,1168,40000000,3.96,85610000000
케이엔에스,432470,9780,-400,-3.93,134590,1331617000,0.71,85785000000
동인기연,111380,13950,1120,8.73,689,8000000,1.87,85485000000
아이크래프트,052460,5850,140,2.45,228410,1318009000,7.26,85456000000
빅텍,065450,2905,135,4.87,901250,2700278000,2.78,85685000000
창해에탄올,004650,9270,-30,-0.32,5699,52731000,2.02,85199000000
차AI헬스케어,025620,4680,-10,-0.21,1281,6000000,0.21,85194000000
LS티라유텍,322180,3960,-35,-0.88,53402,211137000,2.67,85124000000
스톤브릿지벤처스,330730,4665,115,2.53,9525,43189000,2.16,84986000000
뉴로핏,380550,6960,100,1.46,18661,126419000,6.65,84904000000
제이씨케미칼,137950,3800,25,0.66,58345,219982000,4.63,84617000000
SK이노베이션우,096775,67600,-500,-0.73,2581,175000000,14.79,84393000000
광무,029480,1413,-25,-1.74,80335,114020000,0.91,84383000000
삼영엠텍,054540,6490,-20,-0.31,43564,279676000,5.42,84370000000
CMG제약,058820,569,5,0.89,402714,228450000,6.56,84282000000
초록뱀미디어,047820,3445,115,3.45,23135,78229000,0,84243000000
중앙백신,072020,9100,-90,-0.98,9620,87634000,2.48,84236000000
셀루메드,049180,1009,0,0,0,0,1.71,83975000000
엔지켐생명과학,183490,990,0,0,0,0,2.82,83793000000
에코플라스틱,038110,2035,15,0.74,75530,152980000,1.82,83779000000
동신건설,025950,9970,70,0.71,12247,121103000,0.8,83748000000
선진뷰티사이언스,086710,6860,90,1.33,2710,18179000,1.5,83714000000
HLB글로벌,003580,1652,3,0.18,20605,33000000,1.92,83696000000
머큐리,100590,4855,335,7.41,4183034,20781059000,1.35,83212000000
크라운해태홀딩스,005740,5630,-30,-0.53,9354,52000000,3.1,83590000000
화천기공,000850,37950,350,0.93,15333,585000000,10.21,83490000000
사조오양,006090,8840,-20,-0.23,4830,42000000,4.1,83296000000
아주스틸,139990,2145,-5,-0.23,19978,42000000,14.69,83130000000
MDS테크,086960,1954,28,1.45,115589,224547000,2.41,83101000000
조흥,002600,138500,1100,0.8,26,3000000,0.04,83100000000
HRS,036640,5080,60,1.2,35647,177875000,3.17,83082000000
대성하이텍,129920,5110,190,3.86,44049,220633000,9.31,83030000000
동국S&C,100130,1449,83,6.08,6841217,10191102000,2.41,82800000000
가온그룹,078890,4500,215,5.02,142896,637213000,7.61,82912000000
쎄니트,037760,2450,115,4.93,23088,54381000,0.32,82890000000
아이진,185490,1910,-90,-4.5,115038,221233000,1.74,82568000000
모베이스,101330,3565,45,1.28,25758,89081000,3.27,82519000000
한신기계,011700,2540,-30,-1.17,116130,292000000,6.31,82413000000
로보로보,215100,4045,-55,-1.34,45674,184331000,2.11,82309000000
인벤테라,0007J0,10420,900,9.45,1009869,11385143000,3.77,81960000000
주성코퍼레이션,109070,1550,0,0,0,0,0.69,81855000000
대한뉴팜,054670,5700,190,3.45,29530,161105000,0.23,81823000000
대봉엘에스,078140,7360,0,0,6820,49793000,5.02,81597000000
네오리진,094860,1535,29,1.93,59453,89518000,62.51,81523000000
블랙야크아이앤씨,478560,3155,95,3.1,10142,30793000,1.84,81494000000
하이로닉,149980,4735,-10,-0.21,11718,55458000,1.22,81437000000
엠엑스로보틱스,007820,3490,-55,-1.55,83054,289674000,2.56,81398000000
KT밀리의서재,418470,9490,-40,-0.42,12146,114069000,7.44,81289000000
대원미디어,048910,6460,180,2.87,29557,188014000,2.97,81259000000
풍원정밀,371950,3445,570,19.83,789847,2488496000,1.03,81181000000
TP,007980,1729,2,0.12,79712,136000000,7.32,81085000000
제일엠앤에스,412540,3935,0,0,0,0,0.77,81063000000
아이로보틱스,066430,2065,45,2.23,1028676,2171155000,3.19,80851000000
서남,294630,3045,25,0.83,143850,437396000,0.61,80690000000
알서포트,131370,1512,-12,-0.79,59706,91087000,19.27,80539000000
한국파마,032300,7370,-80,-1.07,6691,48887000,1.73,80382000000
디케이락,105740,7890,130,1.68,33690,263878000,7.82,80229000000
SBI인베스트먼트,019550,995,-20,-1.97,250061,248481000,5.92,80160000000
중앙에너비스,000440,12840,-410,-3.09,38878,505025000,2.87,79956000000
에이치엔에스하이텍,044990,10400,-80,-0.76,14250,147673000,2.49,79928000000
리메드,302550,2635,-5,-0.19,9684,25398000,0,79774000000
KNN,058400,6010,-120,-1.96,10465,62337000,0,79590000000
SCL사이언스,246960,2330,100,4.48,121884,284802000,0.53,79259000000
원준,382840,5190,20,0.39,144528,755344000,1.53,79259000000
한국가구,004590,5280,-50,-0.94,24085,127354000,4.48,79200000000
컴투스홀딩스,063080,11990,-230,-1.88,15227,180710000,1.78,79076000000
데이타솔루션,263800,4870,105,2.2,168940,816678000,3.2,79017000000
CS홀딩스,000590,68400,400,0.59,187,12000000,4.99,78966000000
인지컨트롤스,023800,4995,15,0.3,13191,65000000,2.82,78966000000
크레오에스지,040350,3975,40,1.02,91024,362140000,0,78928000000
APS이노베이션,079810,3665,20,0.55,53591,197072000,1.96,78900000000
한일철강,002220,2950,-75,-2.48,109853,324000000,1.66,78757000000
테라젠이텍스,066700,2115,10,0.48,14369,30251000,2.24,78577000000
블루콤,033560,4590,10,0.22,33673,154819000,1.53,78489000000
세미티에스,0017J0,2600,30,1.17,109146,279043000,1.89,78392000000
누리플렉스,040160,6580,390,6.3,7787,47444000,28.2,78192000000
한성크린텍,066980,1452,1,0.07,132439,192667000,1.33,78075000000
한솔로지스틱스,009180,2770,-10,-0.36,11407,31000000,4.62,77991000000
DRB동일,004840,4045,-5,-0.12,13051,52000000,1.37,77956000000
제닉스로보틱스,381620,5940,-20,-0.34,27707,163042000,1.52,77920000000
페이퍼코리아,001020,2185,5,0.23,6447,14000000,0.27,77778000000
피스피스스튜디오,0117P0,5400,-80,-1.46,59884,326336000,2.84,76512000000
TJ미디어,032540,3715,-60,-1.59,5376,19785000,0.6,77633000000
동양파일,228340,3865,405,11.71,6966498,27901218000,0.63,77300000000
한켐,457370,9600,1440,17.65,7425009,71124880000,0.87,77444000000
포커스에이아이,331380,2090,-40,-1.88,12249,25764000,0.84,77246000000
HC보광산업,225530,2125,15,0.71,18483,39011000,0.56,77219000000
태웅로직스,124560,1994,-4,-0.2,63082,124591000,3.22,77209000000
드림씨아이에스,223250,3135,-55,-1.72,35813,111121000,50.11,77122000000
드림어스컴퍼니,060570,5190,240,4.85,8778,42880000,2.25,76917000000
써니전자,004770,2165,35,1.64,678899,1452000000,3.97,76873000000
이녹스,088390,8190,140,1.74,3191,25367000,0.79,76870000000
유한양행우,000105,66900,-1300,-1.91,524,35000000,0.63,76823000000
양지사,030960,4790,-90,-1.84,24636,116795000,0.78,76544000000
남화토건,091590,6520,50,0.77,288131,1886651000,0.82,76544000000
에스와이스틸텍,365330,1524,-29,-1.87,145418,221430000,4.89,76460000000
에스트래픽,234300,2810,-410,-12.73,1089080,2924224000,2.27,76453000000
동일고무벨트,163560,5500,-50,-0.9,15044,81000000,3.49,76450000000
지니너스,389030,1940,6,0.31,268345,512653000,3.31,76421000000
새빗켐,107600,13520,-520,-3.7,8205,111808000,1.64,76388000000
케이옥션,102370,2950,-45,-1.5,30010,86589000,1.38,76370000000
KX하이텍,052900,994,45,4.74,493646,482347000,6.21,76208000000
삐아,451250,7450,260,3.62,5883,42154000,1.07,76182000000
폴레드,487580,3025,-5,-0.17,84486,255025000,5.88,76178000000
서한,011370,3775,-35,-0.92,13196,49593000,4.1,76175000000
테라사이언스,073640,654,0,0,0,0,0.57,76111000000
대림바스,005750,4585,115,2.57,18891,83000000,2.05,76075000000
에스넷,038680,3820,70,1.87,43941,165781000,4.62,76066000000
SY동아,041930,5000,10,0.2,26363,131869000,1.64,76000000000
조이시티,067000,1087,-8,-0.73,324664,348485000,2.67,75985000000
케이피에프,024880,3810,-60,-1.55,17472,67091000,4.35,75977000000
DSR제강,069730,5270,20,0.38,20051,104000000,9.58,75888000000
수젠텍,253840,4560,-40,-0.87,119752,548430000,2.33,76348000000
현대공업,170030,4930,180,3.79,5772,27242000,4.72,75626000000
동방아그로,007590,5550,30,0.54,2076,11000000,30.88,75577000000
이월드,084680,532,0,0,0,0,2.22,75440000000
리드코프,012700,2895,-15,-0.52,13386,38826000,2.66,75255000000
한일단조,024740,2285,25,1.11,59242,133493000,5.27,75169000000
시공테크,020710,3740,-155,-3.98,441524,1680400000,0.44,74979000000
바이오에프디엔씨,251120,8620,-140,-1.6,7681,66000000,10.98,74956000000
정다운,208140,2290,30,1.33,6249,14183000,1.85,74846000000
씨티씨바이오,060590,3095,50,1.64,31479,94600000,1.73,74840000000
CG인바이츠,083790,973,25,2.64,78276,74472000,2.2,74818000000
제이스로보틱스,090470,4280,30,0.71,10642,45368000,1.53,74799000000
이노메트리,302430,7650,110,1.46,137474,1054987000,0.86,74994000000
키스트론,475430,4185,65,1.58,70931,293819000,2.5,74694000000
테이팩스,055490,15600,400,2.63,16013,240000000,4.25,74671000000
엠오티,413390,6440,0,0,10686,68029000,1.65,74576000000
서플러스글로벌,140070,2010,5,0.25,56677,111757000,1.44,74345000000
포바이포,389140,5200,-150,-2.8,22148,116481000,2.2,74202000000
일성건설,013360,1371,-9,-0.65,97796,134000000,64.89,74068000000
엠게임,058630,3945,0,0,24235,94852000,11.18,74057000000
아이씨디,040910,4070,-45,-1.09,7248,29373000,3.13,73969000000
삼호개발,010960,3065,25,0.82,47112,143000000,6.55,73927000000
아모센스,357580,6280,1170,22.9,1812029,11459755000,6.54,74039000000
젝시믹스,337930,2490,45,1.84,27747,68365000,4.43,73894000000
내츄럴엔도텍,168330,2325,10,0.43,12372,28662000,1.22,73830000000
웅진씽크빅,095720,1299,-8,-0.61,58381,73000000,1.97,73818000000
선바이오,067370,6040,-90,-1.47,13280,78730000,0.32,73771000000
삼현철강,017480,4775,-85,-1.75,26970,128455000,3.93,73739000000
남광토건,001260,7490,-40,-0.53,19491,146000000,0.8,73645000000
녹십자엠에스,142280,3070,-80,-2.54,170348,528377000,0.9,73566000000
동국생명과학,303810,2300,40,1.77,62302,142112000,2.28,73563000000
기도산업,282620,12550,-40,-0.32,41370,516250000,2.36,73551000000
아이엠지티,456570,13960,-20,-0.14,221,3023000,0,73496000000
큐에스아이,066310,7920,110,1.41,211669,1686694000,8.23,73431000000
폴라리스AI파마,041910,5520,20,0.36,24310,133513000,1.71,73324000000
지엠비코리아,013870,3830,0,0,16141,61000000,56.35,73046000000
유니크,011320,3780,50,1.34,29293,109339000,2.6,73032000000
유라테크,048430,6330,130,2.1,11609,71600000,1.95,72921000000
폴라리스AI,039980,5070,-60,-1.17,39342,198930000,0,72912000000
휴마시스,205470,2950,90,3.15,40834,117031000,0,72791000000
해성옵틱스,076610,1227,-65,-5.03,1040588,1286143000,0.57,72682000000
팅크웨어,084730,6540,80,1.24,19920,129167000,2.92,72655000000
알파칩스,117670,10900,-80,-0.73,61627,654985000,1.15,72612000000
케이앤에스아이앤씨,487400,7050,120,1.73,125072,879526000,0.44,72339000000
예스24,053280,2890,-75,-2.53,80174,232208000,1.36,72250000000
디와이피엔에프,104460,6860,0,0,15399,103233000,3.48,72154000000
엠엑스온,347890,4240,-110,-2.53,33549,142824000,0.95,72135000000
휴비츠,065510,6630,-30,-0.45,24581,162540000,2.97,72120000000
파로스아이바이오,388870,5570,-30,-0.54,35327,193819000,1.66,72108000000
지엘팜텍,204840,4640,40,0.87,28446,127616000,0.75,71965000000
THE E&M,089230,1825,26,1.45,76124,137375000,0.64,71943000000
특수건설,026150,4100,165,4.19,42030,167669000,2.24,71939000000
피제이메탈,128660,2900,0,0,45840,131466000,2.25,71929000000
신일제약,012790,6000,-60,-0.99,6309,37900000,3.09,71918000000
자이글,234920,5310,0,0,0,0,0.49,71849000000
대교,019680,1783,95,5.63,19445,32000000,1.77,71736000000
한울반도체,320000,10390,250,2.47,988455,10954615000,0,71833000000
에이텍,045660,8660,-200,-2.26,15828,137336000,6.06,71531000000
라이온켐텍,171120,1990,-8,-0.4,102906,204437000,3.19,71444000000
레이,228670,4590,70,1.55,30716,139529000,0.5,71787000000
한국컴퓨터,054040,4440,10,0.23,29095,128458000,2.38,71356000000
바이오스마트,038460,2820,125,4.64,460348,1306155000,7.16,71274000000
세원물산,024830,8510,-30,-0.35,430,3653000,1.87,71058000000
아이디피,332370,5350,30,0.56,127,670000,1.15,71014000000
NH프라임리츠,338100,3805,-15,-0.39,25748,97000000,0.64,71001000000
대영포장,014160,655,15,2.34,203761,130000000,1.91,70998000000
트루엔,417790,6780,-10,-0.15,10154,67518000,4.11,70975000000
티에스아이,277880,3575,50,1.42,10173,36012000,2.76,70939000000
SK디앤디,210980,3810,40,1.06,126059,474000000,0.39,70932000000
한국특강,007280,2475,160,6.91,4389,10000000,1.08,70900000000
센코,347000,1873,-37,-1.94,32816,60826000,2.38,70819000000
마음AI,377480,9940,40,0.4,18258,178899000,0.53,70676000000
뉴프렉스,085670,2880,-65,-2.21,26466,76813000,3.46,70562000000
삼정펄프,009770,28200,-50,-0.18,3015,84000000,17.35,70499000000
아모레퍼시픽홀딩스우,002795,11040,-10,-0.09,3792,41000000,47.26,70448000000
이상네트웍스,080010,7160,-80,-1.1,5470,39738000,5.1,70419000000
DSR,155660,4400,-5,-0.11,8772,38000000,2.87,70400000000
엔브이에이치코리아,067570,1669,24,1.46,59245,97102000,1.18,70381000000
옵티팜,153710,4795,5,0.1,6228,29220000,0.81,70342000000
종근당바이오,063160,12800,-260,-1.99,4948,63000000,1.42,70220000000
APS,054620,3815,20,0.53,14851,56140000,2.57,70173000000
성창기업지주,000180,5030,-70,-1.37,5955,29000000,0.58,70170000000
대창솔루션,096350,1904,-41,-2.11,107559,206160000,3.05,70171000000
넥스트칩,396270,2130,45,2.16,47863,100408000,3.42,70050000000
국제약품,002720,3310,20,0.61,17648,57000000,3.48,70039000000
CJ씨푸드,011150,1949,-6,-0.31,29853,57000000,2.38,70029000000
KT지니뮤직,043610,1202,1,0.08,21712,25921000,1.3,69854000000
잉크테크,049550,3560,115,3.34,21386,72684000,0.81,69798000000
크리스에프앤씨,110790,2975,-5,-0.17,1780,5242000,0.77,69707000000
대륙제관,004780,4380,75,1.74,38855,166127000,3.11,69656000000
레이저쎌,412350,4760,145,3.14,91470,422451000,3.76,69510000000
코오롱인더우,120115,25100,-250,-0.99,4711,117000000,6.88,69473000000
싸이토젠,217330,3000,-20,-0.66,68106,203765000,1.93,69388000000
아이티센씨티에스,031820,5730,-30,-0.52,56567,333000000,1.77,69362000000
디에이테크놀로지,196490,6090,0,0,0,0,2.23,69131000000
화천기계,010660,3140,-20,-0.63,21445,67000000,4.2,69080000000
탑머티리얼,360070,8410,10,0.12,11908,99866000,0,68895000000
싸이닉솔루션,234030,2915,45,1.57,49519,140627000,4.29,68808000000
일동홀딩스,000230,5960,-70,-1.16,6265,37000000,2.44,68780000000
알에프텍,061040,7600,400,5.56,1754,12717000,0,68766000000
선도전기,007610,3820,20,0.53,95533,364000000,2.14,68760000000
일지테크,019540,5080,100,2.01,26847,134785000,7.83,68648000000
원일티엔아이,136150,8190,370,4.73,6059,47495000,1.04,68640000000
제일연마,001560,9030,-130,-1.42,1026,9000000,6.43,68628000000
위메이드플레이,123420,6590,10,0.15,14525,93365000,3.88,68542000000
라파스,214260,7530,-140,-1.83,5540,42075000,0,67186000000
동일금속,109860,7510,0,0,221,1638000,0,68341000000
현대에이치티,039010,7920,70,0.89,11857,92827000,3.41,68310000000
휴비스,079980,1978,28,1.44,22135,42000000,1.34,68241000000
오텍,067170,2475,25,1.02,68841,168397000,1.67,67965000000
동양고속,084670,23450,0,0,4612,108000000,4.24,67901000000
금호에이치티,214330,6490,-20,-0.31,50840,329000000,0.25,67865000000
네오뷰,0218L0,12850,-180,-1.38,11870,151800000,16.31,67798000000
딜리셔스,483350,3045,40,1.33,212016,641702000,2.84,67457000000
영화테크,265560,6320,-190,-2.92,10300,66140000,1.74,67561000000
피제이전자,006140,4540,-105,-2.26,14304,65316000,3.04,67487000000
나래나노텍,137080,6300,140,2.27,4742,29384000,2.37,67472000000
삼륭물산,014970,4550,-100,-2.15,71625,327644000,1.32,67453000000
신신제약,002800,4445,-35,-0.78,18856,83605000,3.72,67432000000
에이프로,262260,4465,45,1.02,62785,277548000,4.51,67321000000
프로티아,303360,5200,-50,-0.95,9651,50417000,2.11,66974000000
해치텍,0155E0,12200,0,0,250195,3077820000,1.32,66943000000
TPC로보틱스,048770,4260,-195,-4.38,648384,2747535000,0.94,66873000000
신일전자,002700,973,3,0.31,208937,201000000,2.98,66696000000
엔케이,085310,8990,-10,-0.11,7742,68000000,0,66688000000
앱튼,270520,2870,-145,-4.81,156196,456602000,0,66466000000
디알텍,214680,3980,-90,-2.21,57467,228829000,0,66447000000
에이치엘지노믹스,0156T0,8530,-180,-2.07,76608,659091000,1.35,66381000000
인지소프트,100030,20200,-250,-1.22,7374,149169000,1.48,66331000000
피앤에스로보틱스,460940,4900,-170,-3.35,30036,148252000,1.6,65930000000
아우토크립트,331740,6750,-650,-8.78,139110,955531000,2.21,65819000000
모델솔루션,417970,10300,110,1.08,5470,55506000,3.2,65886000000
한국내화,010040,1604,-7,-0.43,1707,2000000,0.52,65871000000
네오이뮨텍,950220,1925,-135,-6.55,478600,934757000,0.57,65857000000
다스코,058730,3245,-50,-1.52,370937,1209000000,0.8,65715000000
셀리드,299660,2230,-30,-1.33,251340,556776000,0.47,65791000000
한국전자인증,041460,3440,-45,-1.29,35730,122812000,3.11,65360000000
팜젠사이언스,004720,2885,-85,-2.86,26800,77000000,1.61,65357000000
아이티센엔텍,010280,5010,-200,-3.84,55591,278764000,0,65254000000
셀바이오휴먼텍,318160,6980,-210,-2.92,22375,156787000,4.47,65175000000
우신시스템,017370,3550,60,1.72,3950,13000000,0.65,65014000000
다이나믹솔루션,290660,1517,0,0,330411,497391000,0,64985000000
다원넥스뷰,323350,8090,-170,-2.06,12099,97053000,7.05,64807000000
아이에스티이,212710,6670,230,3.57,32913,212524000,6.9,64798000000
프리엠스,053160,10790,210,1.98,2384,24706000,0.83,64740000000
남화산업,111710,3140,-10,-0.32,35585,112613000,1.15,64646000000
예림당,036000,2805,45,1.63,9678,26860000,1.75,64611000000
비상교육,100220,4970,-160,-3.12,27600,137000000,5.07,64593000000
팬젠,222110,4770,170,3.7,2795,13096000,7.25,64464000000
디지틀조선,033130,1736,-6,-0.34,12680,21898000,1.77,64432000000
티플랙스,081150,2650,40,1.53,57450,149156000,6.4,64311000000
국순당,043650,3600,-5,-0.14,16627,59743000,1.52,64289000000
아이엠티,451220,8150,150,1.88,7086,56858000,3.43,64178000000
홈캐스트,064240,1848,32,1.76,35693,64537000,1.73,64114000000
비트컴퓨터,032850,3850,0,0,18014,68641000,4.64,63999000000
팬스타엔터프라이즈,054300,1100,-13,-1.17,150175,163190000,0.46,63988000000
스마트레이더시스템,424960,3875,35,0.91,18546,71250000,3.56,63879000000
MSDI,123010,3170,325,11.42,280706,832431000,0,64083000000
이글루,067920,5800,-40,-0.68,50334,289092000,4.29,63777000000
포니링크,064800,2495,130,5.5,16274,38215000,3.29,63775000000
원풍,008370,5310,70,1.34,13986,73648000,1.31,63720000000
티이엠씨씨엔에스,241790,6370,80,1.27,59016,370178000,3.22,63716000000
와이즈넛,096250,5390,-110,-2,16686,89564000,0,63682000000
진코스텍,250030,22000,200,0.92,910,19831000,0,63622000000
하이스틸,071090,3150,-45,-1.41,141803,445000000,2.17,63603000000
삼일씨엔에스,004440,4995,55,1.11,40398,201000000,1.41,63596000000
아미코젠,092040,895,62,7.44,832456,736641000,2.78,63236000000
동원모빌리티,018500,1347,6,0.45,17071,22000000,3.74,62978000000
비엘팜텍,065170,2255,-90,-3.84,543486,1228430000,2.26,62945000000
유엔젤,072130,4955,-15,-0.3,11809,58000000,3.79,62905000000
SGC E&C,016250,12460,600,5.06,1393,16461000,1.68,62760000000
케이엘넷,039420,2735,-50,-1.8,5955,16348000,10.55,62760000000
디와이덕양,024900,1926,247,14.71,2544879,5178000000,1.63,62720000000
무림페이퍼,009200,1505,25,1.69,66773,99000000,1.89,62622000000
대현,016090,1414,13,0.93,59253,82000000,6.35,62615000000
이화공영,001840,2215,0,0,0,0,0.57,62588000000
엔비알모션,0004V0,5680,-60,-1.05,120589,699859000,5.26,62538000000
푸드웰,005670,6240,-50,-0.79,8941,55859000,2.76,62400000000
와이엠씨,155650,3285,315,10.61,237411,759458000,4.53,62330000000
삼기,122350,1625,-70,-4.13,360776,596912000,3.36,62301000000
삼성출판사,068290,6230,60,0.97,8725,54000000,1.42,62300000000
벡트,457600,4545,190,4.36,32022,142658000,2.93,62300000000
이오플로우,294090,1490,0,0,0,0,20.89,62295000000
유니테크노,241690,2545,-65,-2.49,47612,119806000,1.72,62277000000
화성밸브,039610,5970,-120,-1.97,55144,330417000,1.85,62150000000
오가닉티코스메틱,900300,3015,-185,-5.78,98276,297658000,0,62048000000
지아이텍,382480,1576,-1,-0.06,48487,76192000,3.48,62026000000
옵트론텍,082210,1774,19,1.08,34591,59376000,9.72,62024000000
휴니드,005870,4380,-60,-1.35,20340,89000000,27.92,61828000000
인크로스,216050,5050,0,0,11245,55905000,5.86,61603000000
참좋은여행,094850,4400,-20,-0.45,16282,71987000,2.7,61600000000
한화머시너리앤서비스홀딩스3우B,0220WL,2605,-110,-4.05,349658,920000000,24.84,61579000000
흥국,010240,5260,-100,-1.87,18041,95309000,6.86,61573000000
레몬헬스케어,365660,4575,25,0.55,517588,2396331000,0.51,61559000000
뉴엔AI,463020,6840,-230,-3.25,173359,1173263000,3,61472000000
웨이브일렉트로,095270,4270,160,3.89,45449,192962000,5.58,61370000000
디에스엠,104040,2285,-95,-3.99,25272,60340000,0.33,61268000000
유비벨록스,089850,4150,-125,-2.92,16727,68832000,3.46,61130000000
오비고,352910,4830,60,1.26,6048,29125000,0.73,61040000000
지구홀딩스,221800,3740,-50,-1.32,16907,63213000,2.6,61032000000
보락,002760,1018,22,2.21,44903,44000000,3.99,60978000000
와이어블,065530,1297,47,3.76,1107626,1486444000,1.5,62046000000
에이비온,203400,676,0,0,0,0,4.49,60908000000
테고사이언스,191420,7500,230,3.16,37895,295914000,1.59,60816000000
뷰노,338220,4340,-260,-5.65,122763,533611000,2.7,60767000000
컴투스엔,291230,2530,-5,-0.2,7847,19830000,35.6,60748000000
에르코스,435570,7970,760,10.54,1130,8007000,0.8,60707000000
오픈베이스,049480,1927,-71,-3.55,209723,411060000,5.55,60550000000
3S,060310,1141,-1,-0.09,73065,82884000,2.46,60540000000
에피소드컴퍼니,317530,3460,145,4.37,17722,56378000,0.33,60532000000
앤디포스,238090,1975,250,14.49,252657,506899000,1.05,60218000000
FSN,214270,1330,32,2.47,33943,43732000,0,60184000000
유유제약,000220,3820,-10,-0.26,32392,123000000,2.41,60155000000
피엠티,147760,3005,40,1.35,40222,121229000,3.76,60100000000
디티씨,066670,3215,0,0,8544,27405000,1.06,60094000000
부방,014470,1046,33,3.26,45992,47072000,1.38,59673000000
알체라,347860,1415,34,2.46,80331,112219000,5.92,59647000000
이건홀딩스,039020,2635,35,1.35,21745,55999000,1.52,59510000000
HLB제넥스,187420,1819,26,1.45,41561,74046000,0.92,59381000000
화일약품,061250,7040,-2230,-24.06,374441,2798945000,0,59259000000
알트,459550,2340,-115,-4.68,793673,1884251000,2.15,59016000000
서울평가정보,036120,1679,21,1.27,25280,41874000,1.64,59008000000
오리콤,010470,4920,20,0.41,1587,7828000,4.08,58917000000
태양,053620,6850,-20,-0.29,984,6745000,1.15,58910000000
소마젠,950200,3050,-100,-3.17,62714,191421000,0,58669000000
코닉오토메이션,391710,1380,-122,-8.12,1387204,1922658000,0.61,58816000000
셀바스헬스케어,208370,2280,0,0,36860,84287000,4.16,58688000000
시선AI,340810,4200,40,0.96,172381,709221000,4.76,58587000000
호전실업,111110,6450,80,1.26,12430,78000000,2.03,58475000000
삼화왕관,004450,27100,-100,-0.37,762,20000000,5.51,58383000000
토탈소프트,045340,6820,-40,-0.58,19447,130653000,8.21,58365000000
제이씨현시스템,033320,3040,-35,-1.14,52599,160258000,3.78,58107000000
엠투엔,033310,1455,39,2.75,34597,48885000,1.34,58159000000
DGI,099520,1284,0,0,0,0,0.93,58141000000
엔시스,333620,5280,80,1.54,2634,13662000,1.27,58068000000
수산아이앤티,050960,8600,30,0.35,2328,20120000,1.41,58058000000
희림,037440,4170,-20,-0.48,117333,482932000,6.48,58056000000
제이엔케이글로벌,126880,2500,40,1.63,19901,49422000,2.33,57920000000
이엔셀,456070,5250,-70,-1.32,14612,75691000,3.84,57904000000
태경케미컬,006890,4990,40,0.81,5883,29000000,1.23,57884000000
LK삼양,225190,821,0,0,0,0,1.09,57854000000
BYC우,001465,26850,150,0.56,3389,89000000,5.25,57830000000
DL이앤씨우,37550K,27300,-100,-0.36,9768,267000000,10.11,57709000000
대주산업,003310,1630,1,0.06,133763,218957000,9.34,57689000000
레몬,294140,2315,-70,-2.94,8623,19761000,1.25,57677000000
코츠테크놀로지,448710,10900,-250,-2.24,8264,90685000,4.69,57609000000
코위버,056360,5870,120,2.09,439007,2628742000,2.97,57507000000
아이티센피엔에스,232830,3480,800,29.85,518294,1802418000,1.64,57537000000
지에스이,053050,1915,-21,-1.08,143040,276233000,3.8,57426000000
케이사인,192250,8120,-160,-1.93,59034,481090000,3.29,57385000000
진양제약,007370,4055,90,2.27,2686,10634000,3.02,57315000000
윈팩,097800,2100,50,2.44,23758,48713000,0.71,57309000000
아고스,175140,2295,-245,-9.65,83653,196048000,1.62,57247000000
새론오토모티브,075180,2980,45,1.53,40260,119000000,65.98,57216000000
현대건설우,000725,54200,100,0.18,1526,81000000,5.66,57164000000
엔젯,419080,5230,350,7.17,22058,104764000,0,56859000000
레뷰코퍼레이션,443250,5260,-220,-4.01,13797,72989000,1.38,56859000000
삼천리자전거,024950,4585,20,0.44,19935,90073000,2.44,56854000000
남양유업우,003925,29650,200,0.68,2916,85000000,9.68,56072000000
덕우전자,263600,3515,-25,-0.71,7912,27334000,2.6,55995000000
화승알앤에이,378850,2945,0,0,14959,43000000,3.2,55936000000
유화증권우,003465,3200,-40,-1.23,39,0,0,55924000000
우리산업,215360,6120,-50,-0.81,6109,37422000,3.06,55888000000
인터지스,129260,1876,-28,-1.47,43961,83000000,5.75,55807000000
평화산업,090080,1016,11,1.09,95379,95000000,3.7,55780000000
인디에프,014990,3705,5,0.14,141390,521000000,0.07,55658000000
성원에너텍,340930,806,0,0,0,0,1.81,55513000000
일진디스플,020760,902,0,0,0,0,0.88,55503000000
노랑풍선,104620,3300,-60,-1.79,136442,451058000,1.68,55474000000
기신정기,092440,1897,-30,-1.56,66120,124000000,63.21,55392000000
미래에셋글로벌리츠,396690,1398,-18,-1.27,80965,113000000,1,55369000000
한국선재,025550,2170,40,1.88,92241,202050000,4.48,55365000000
위지트,036090,1301,-3,-0.23,135179,172790000,0.92,55358000000
디알젬,263690,4885,-45,-0.91,3542,17327000,15.49,55325000000
유안타증권우,003475,4315,5,0.12,10452,44000000,8.22,55281000000
씨케이솔루션,480370,1698,-63,-3.58,298035,503000000,0.59,55153000000
에스엠씨지,460870,2735,15,0.55,34039,92035000,1.96,54900000000
마이크로투나노,424980,9270,430,4.86,15479,137423000,4.24,54868000000
한컴라이프케어,372910,1982,-83,-4.02,861276,1704000000,3.31,54850000000
와이엠텍,273640,5000,-60,-1.19,8126,41206000,2.28,54830000000
구영테크,053270,2000,43,2.2,43755,84646000,1.94,54820000000
위츠,459100,4070,70,1.75,7874,31407000,4.71,54807000000
조비,001550,10550,-20,-0.19,16510,174000000,1.86,54778000000
에스디생명공학,217480,499,0,0,0,0,1.67,54756000000
삼양케이씨아이,036670,5080,30,0.59,8109,40737000,3.11,54661000000
유신,054930,18200,330,1.85,3319,59070000,3.43,54600000000
코스리거글로벌,043710,3150,90,2.94,4559,14131000,0.29,54534000000
브이원텍,251630,3415,-15,-0.44,10575,35582000,1.47,54444000000
파이오링크,170790,8500,-40,-0.47,13596,113598000,4.44,54377000000
노브메타파마,229500,4185,160,3.98,3417,13706000,0,54365000000
딥노이드,315640,1848,85,4.82,130396,236349000,2.88,54279000000
고바이오랩,348150,2795,25,0.9,14747,40034000,2.74,54275000000
해성에어로보틱스,059270,4855,-25,-0.51,55908,271264000,4.86,54207000000
SG&G,040610,3180,20,0.63,21883,68665000,2.98,54198000000
퀀텀레일,070300,1525,-34,-2.18,277256,422212000,5.19,54175000000
SJM홀딩스,025530,3625,30,0.83,3858,13000000,1.97,54135000000
오리엔트바이오,002630,913,0,0,0,0,0.42,54133000000
모나리자,012690,1469,9,0.62,41722,60000000,2.32,53723000000
코렌텍,104540,4005,20,0.5,5431,21649000,3.34,53696000000
SJM,123700,3440,50,1.47,16575,55000000,7.56,53680000000
코리아나,027050,1337,11,0.83,116001,154241000,3.33,53480000000
케이피항공산업,288180,7230,220,3.14,18324,131670000,1.27,53453000000
제이티,089790,5170,355,7.37,147359,743783000,7.99,53331000000
범양건영,002410,1935,0,0,0,0,1.14,53173000000
경남스틸,039240,1967,40,2.08,16810,32181000,3.12,53068000000
아티스트컴퍼니,321820,3400,10,0.29,149252,499876000,0.88,53010000000
피엔케이피부임상연구센타,347740,1766,-42,-2.32,59276,103659000,1.58,52998000000
SK디스커버리우,006125,43000,500,1.18,2219,94000000,6.85,52963000000
애드바이오텍,179530,1943,-57,-2.85,607735,1097796000,1.18,52905000000
HLB파나진,046210,1162,-8,-0.68,8082,9335000,1.4,52903000000
SK케미칼우,28513K,25000,-450,-1.77,1831,46000000,8.61,52885000000
우성,006980,17060,-240,-1.39,1398,23000000,0.98,52715000000
에이에스텍,453860,8180,-10,-0.12,3418,27404000,13.07,52715000000
경창산업,024910,1471,-53,-3.48,51933,77738000,3.16,52689000000
인성정보,033230,1041,31,3.07,153688,158292000,5.52,52586000000
에너토크,019990,5390,-70,-1.28,44251,235921000,11.63,52585000000
이닉스,452400,5790,140,2.48,15555,88184000,1.5,52523000000
동우팜투테이블,088910,2040,-10,-0.49,33823,68814000,6.16,52472000000
진양산업,003780,4035,120,3.07,81456,325000000,3.97,52455000000
쿼드메디슨,464490,4545,-140,-2.99,28406,130601000,4.21,52186000000
코콤,015710,2975,20,0.68,4176,12208000,1.81,52153000000
삼진식품,0013V0,5250,20,0.38,30812,161689000,2.35,52072000000
신송홀딩스,006880,4400,-60,-1.35,19911,87000000,2.29,52046000000
전방,000950,30900,-1600,-4.92,547,17000000,0.92,51912000000
TS인베스트먼트,246690,2180,-50,-2.24,45295,97110000,0.26,51836000000
위닉스,044340,2900,-65,-2.19,61466,179189000,1.11,51832000000
서원,021050,1091,-14,-1.27,78570,86000000,5.86,51794000000
알피바이오,314140,5970,0,0,8873,52493000,1.97,51738000000
삼화전자,011230,2695,25,0.94,201232,538000000,3.18,51651000000
평화홀딩스,010770,3530,20,0.57,18401,64000000,16.06,51627000000
옵티시스,109080,9150,280,3.16,29883,272268000,2.34,51569000000
에어레인,163280,3800,-165,-4.16,186718,716966000,3.17,51691000000
덕성,004830,3285,20,0.61,26252,84000000,3.74,51508000000
한패스,408470,4845,-110,-2.22,46795,224253000,4.6,51221000000
알비더블유,361570,1785,5,0.28,12342,21718000,4.07,51306000000
코리아써우,007815,17300,250,1.47,82,1000000,6.87,51289000000
퓨런티어,370090,5980,220,3.82,14374,83141000,7.45,51169000000
푸른로보틱스,094940,6110,20,0.33,28680,173540000,1.83,51088000000
인팩,023810,5100,30,0.59,16982,85000000,0,51000000000
비트플래닛,049470,2165,-40,-1.81,64020,134341000,23.62,50974000000
부산산업,011390,48200,-350,-0.72,2943,140000000,1.33,50899000000
포인트엔지니어링,256630,4375,50,1.16,1111,4818000,0.59,50747000000
쎄크,081180,5750,490,9.32,838428,5041766000,5.76,50746000000
아시아경제,127710,1152,93,8.78,234208,266621000,0.13,50744000000
모티브링크,463480,4095,90,2.25,2691,10594000,1.92,50738000000
고려산업,002140,2030,-10,-0.49,150060,304000000,1.54,50627000000
포스뱅크,105760,4965,-10,-0.2,16023,78710000,3.5,50597000000
롯데칠성우,005305,65100,-700,-1.06,773,50000000,13.31,50472000000
대진첨단소재,393970,2825,0,0,0,0,3.85,50428000000
우원개발,046940,2790,15,0.54,25983,72336000,6.03,50427000000
일월지엠엘,178780,2705,195,7.77,919,2295000,1.17,50419000000
씨유테크,376290,2855,180,6.73,20645,55855000,70.3,50412000000
쏘닉스,088280,2900,145,5.26,241294,724890000,20.79,50188000000
레이저옵텍,199550,3370,165,5.15,12848,40795000,1.63,50030000000
에이테크솔루션,071670,5000,-20,-0.4,8328,41173000,1.73,50000000000
파수AI,150900,4265,-20,-0.47,425904,1794223000,7.22,49917000000
제이투케이바이오,420570,8530,180,2.16,30738,257627000,1.45,49879000000
이지스,261520,4845,-150,-3,21581,105543000,1.67,49795000000
인바이오젠,101140,4950,-40,-0.8,2727,13000000,0.82,49718000000
에스씨디,042110,1023,24,2.4,153637,154583000,54.72,49441000000
유티아이,179900,2290,60,2.69,126385,279852000,10.04,49393000000
에이프로젠,007460,1975,13,0.66,101496,199000000,0,49031000000
HC홈센타,060560,1931,-6,-0.31,18738,36648000,1.73,49024000000
현우산업,092300,2430,10,0.41,37447,90386000,7.04,48964000000
제노레이,122310,3360,0,0,10033,32913000,1.93,48900000000
서전기전,189860,5040,-90,-1.75,148510,752050000,1.51,48881000000
윙입푸드,900340,1373,9,0.66,56709,77265000,11.47,48855000000
대모,317850,5860,-130,-2.17,21253,125207000,3.2,48781000000
케이비아이동국실업,001620,2185,35,1.63,12647,27000000,1.02,48635000000
진원생명과학,011000,2670,0,0,0,0,0,48531000000
CJ 바이오사이언스,311690,3695,-5,-0.14,2617,9760000,2.73,48276000000
일신바이오,068330,1087,-33,-2.95,46560,50424000,3.01,48062000000
엑스플러스,373200,1911,-78,-3.92,40061,77711000,1.23,47857000000
HB인베스트먼트,440290,1738,-19,-1.08,46431,80061000,1.1,47806000000
에이텀,355690,4995,15,0.3,16142,80137000,2.07,47804000000
유성기업,002920,1836,-24,-1.29,127722,235000000,8.97,47639000000
시큐레터,418250,6550,0,0,0,0,0.62,47629000000
디와이디,219550,1150,39,3.51,22539,25157000,5.71,47586000000
큐라티스,348080,3705,855,30,88829,309803000,0.83,47526000000
씨아이테크,004920,907,0,0,0,0,0.58,47327000000
대양금속,009190,1075,-60,-5.29,333103,362000000,2.46,47285000000
다보링크,340360,889,-19,-2.09,60805,54749000,0.81,47123000000
흥국에프엔비,189980,1174,23,2,10933,12501000,2.28,47121000000
더블유에스아이,299170,1134,9,0.8,92313,104048000,5.42,47073000000
원익큐브,014190,1329,30,2.31,43334,56049000,4.68,47040000000
제이스코홀딩스,023440,521,0,0,0,0,1.48,46964000000
러셀,217500,1476,-19,-1.27,15941,23398000,3.4,46954000000
일신석재,007110,603,0,0,0,0,3.38,46706000000
서울식품,004410,1182,-7,-0.59,134382,157000000,2.62,46635000000
아이컴포넌트,059100,6590,200,3.13,18677,119323000,8.3,46596000000
상신브레이크,041650,2170,5,0.23,4697,10000000,2.33,46593000000
쎄노텍,222420,962,-23,-2.34,115226,110056000,3.85,46578000000
제일테크노스,038010,5170,-20,-0.39,18518,93669000,4.46,46530000000
츌립앤사이언스,291650,1520,-29,-1.87,8009,12323000,20.05,46389000000
유니온,000910,2970,40,1.37,14222,41000000,4.99,46366000000
티케이지애강,022220,895,1,0.11,684055,612200000,1.16,46356000000
대성창투,027830,858,-2,-0.23,59143,50704000,3.32,46332000000
대호에이엘,069460,2660,0,0,0,0,1.54,46322000000
코어라인소프트,384470,2580,20,0.78,13954,35596000,3.85,46302000000
캐프,198080,2150,-5,-0.23,19732,41972000,3.61,46300000000
대보마그네틱,290670,5890,-170,-2.81,15225,89665000,1.48,46281000000
아진전자부품,009320,938,-7,-0.74,13173,12000000,0.78,46243000000
프로이천,321260,1638,42,2.63,84325,136081000,6.6,46178000000
엘엠에스,073110,5190,0,0,734,3776000,1.01,46168000000
엘컴텍,037950,2730,-40,-1.44,13005,35851000,0.55,46108000000
YW,051390,4055,-75,-1.82,321,1305000,2.29,46046000000
우리바이오,082850,4750,-10,-0.21,20874,99687000,2.25,46033000000
씨티케이,260930,2380,-55,-2.26,22381,52827000,3.62,46032000000
깨끗한나라,004540,1232,-13,-1.04,12823,15000000,1.05,45880000000
젠큐릭스,229000,1957,0,0,0,0,1.96,45848000000
퀀타매트릭스,317690,2275,-10,-0.44,86408,191272000,18.49,45807000000
액토즈소프트,052790,4180,-25,-0.59,6335,26485000,52.85,45664000000
오상자이엘,053980,2405,-30,-1.23,24489,58639000,2.32,45653000000
이브이첨단소재,131400,766,0,0,0,0,1.69,45647000000
SM Life Design,063440,1004,6,0.6,94662,93904000,2.19,45500000000
TBH글로벌,084870,2220,-5,-0.22,12659,27000000,2.16,45417000000
셀로맥스사이언스,471820,4010,55,1.39,496,1965000,0.68,45324000000
케이엠,083550,3340,50,1.52,12732,42559000,2.18,45277000000
린드먼아시아,277070,3295,-45,-1.35,2303,7421000,1.31,45115000000
부산주공,005030,486,0,0,0,0,3.68,45092000000
마니커,027740,1420,-99,-6.52,95822,135000000,2.71,45092000000
영우디에스피,143540,1011,-10,-0.98,62445,62437000,2.01,45090000000
미래에셋맵스리츠,357250,1800,-2,-0.11,33019,59000000,0.47,44991000000
대덕전자1우,35320K,21450,200,0.94,5087,107000000,8.39,44948000000
ES큐브,050120,3310,-40,-1.19,7763,24915000,2.82,44897000000
이엔플러스,074610,5110,0,0,0,0,2.29,44815000000
에이텍모빌리티,224110,8810,150,1.73,4143,35391000,3.93,44758000000
